seed,radius,trial,success,progress,start_x,end_x,terminated
0,0.0,0,1,1.2986138442304127,0.6895642963588695,1.9881781405892822,0
0,0.0,1,1,1.2986138441947865,0.6895642963588695,1.988178140553656,0
0,0.0,2,1,1.2986138443645527,0.6895642963588695,1.9881781407234222,0
0,0.0,3,1,1.2986138441354331,0.6895642963588695,1.9881781404943026,0
0,0.0,4,1,1.298613844331158,0.6895642963588695,1.9881781406900274,0
0,0.0,5,1,1.2986138441708526,0.6895642963588695,1.988178140529722,0
0,0.0,6,1,1.2986138441709016,0.6895642963588695,1.9881781405297712,0
0,0.0,7,1,1.2986138442038007,0.6895642963588695,1.9881781405626702,0
0,0.0,8,1,1.2986138443262991,0.6895642963588695,1.9881781406851686,0
0,0.0,9,1,1.2986138442570798,0.6895642963588695,1.9881781406159493,0
0,0.25,0,1,1.312480634546861,0.6895642963588695,2.0020449309057304,0
0,0.25,1,0,0.7318238090534528,0.6895642963588695,1.4213881054123223,1
0,0.25,2,0,-0.02491584599909913,0.6895642963588695,0.6646484503597704,1
0,0.25,3,0,-0.02265918120192989,0.6895642963588695,0.6669051151569396,1
0,0.25,4,0,-0.025309914857522098,0.6895642963588695,0.6642543815013474,1
0,0.25,5,0,-0.023786279081724482,0.6895642963588695,0.665778017277145,1
0,0.25,6,0,-0.022309697475512702,0.6895642963588695,0.6672545988833568,1
0,0.25,7,0,-0.018680092540473092,0.6895642963588695,0.6708842038183964,1
0,0.25,8,0,-0.023735969168600435,0.6895642963588695,0.6658283271902691,1
0,0.25,9,0,-0.020822535706405354,0.6895642963588695,0.6687417606524642,1
0,0.5,0,0,-0.031064142807713413,0.6895642963588695,0.6585001535511561,1
0,0.5,1,0,-0.014856001520816675,0.6895642963588695,0.6747082948380528,1
0,0.5,2,0,-0.025894675318844262,0.6895642963588695,0.6636696210400252,1
0,0.5,3,0,-0.012986810824452855,0.6895642963588695,0.6765774855344167,1
0,0.5,4,0,-0.01947871944563262,0.6895642963588695,0.6700855769132369,1
0,0.5,5,0,-0.012886531252464972,0.6895642963588695,0.6766777651064045,1
0,0.5,6,0,-0.023944342418787734,0.6895642963588695,0.6656199539400818,1
0,0.5,7,0,-0.026228087053142835,0.6895642963588695,0.6633362093057267,1
0,0.5,8,0,-0.016365240858993935,0.6895642963588695,0.6731990554998756,1
0,0.5,9,0,-0.005540301575430173,0.6895642963588695,0.6840239947834393,1
0,0.8,0,0,-0.019891142048966026,0.6895642963588695,0.6696731543099035,1
0,0.8,1,0,-0.005737966376098136,0.6895642963588695,0.6838263299827714,1
0,0.8,2,0,-0.021152431002131378,0.6895642963588695,0.6684118653567381,1
0,0.8,3,0,-0.026012591101349902,0.6895642963588695,0.6635517052575196,1
0,0.8,4,0,-0.018245181661778465,0.6895642963588695,0.671319114697091,1
0,0.8,5,0,-0.018433208637276044,0.6895642963588695,0.6711310877215935,1
0,0.8,6,0,-0.023506037724795648,0.6895642963588695,0.6660582586340739,1
0,0.8,7,0,-0.005647341338502865,0.6895642963588695,0.6839169550203666,1
0,0.8,8,0,-0.03495396774726145,0.6895642963588695,0.6546103286116081,1
0,0.8,9,0,-0.020645451659790814,0.6895642963588695,0.6689188446990787,1
0,1.1,0,0,-0.011643106127931069,0.6895642963588695,0.6779211902309384,1
0,1.1,1,0,-0.009364625471168897,0.6895642963588695,0.6801996708877006,1
0,1.1,2,0,-0.006101022285186164,0.6895642963588695,0.6834632740736833,1
0,1.1,3,0,-0.012604676041236607,0.6895642963588695,0.6769596203176329,1
0,1.1,4,0,-0.03526048054748476,0.6895642963588695,0.6543038158113847,1
0,1.1,5,0,-0.021655802717189476,0.6895642963588695,0.66790849364168,1
0,1.1,6,0,-0.02444591961162823,0.6895642963588695,0.6651183767472413,1
0,1.1,7,0,-0.019927713038365047,0.6895642963588695,0.6696365833205045,1
0,1.1,8,0,-0.015300819511508301,0.6895642963588695,0.6742634768473612,1
0,1.1,9,0,-0.015040576797622163,0.6895642963588695,0.6745237195612473,1
0,1.5,0,0,-0.016416852081788003,0.6895642963588695,0.6731474442770815,1
0,1.5,1,0,-0.02898875937438994,0.6895642963588695,0.6605755369844796,1
0,1.5,2,0,-0.011799051459899568,0.6895642963588695,0.6777652448989699,1
0,1.5,3,0,-0.04079007971474424,0.6895642963588695,0.6487742166441253,1
0,1.5,4,0,0.0038387099238935685,0.6895642963588695,0.6934030062827631,1
0,1.5,5,0,-0.030169802976632076,0.6895642963588695,0.6593944933822374,1
0,1.5,6,0,-0.03812190170148544,0.6895642963588695,0.6514423946573841,1
0,1.5,7,0,0.016220097821725732,0.6895642963588695,0.7057843941805952,1
0,1.5,8,0,-0.041803952626645824,0.6895642963588695,0.6477603437322237,1
0,1.5,9,0,-0.04607420363713488,0.6895642963588695,0.6434900927217346,1
0,2.0,0,0,-0.008896195232702242,0.6895642963588695,0.6806681011261673,1
0,2.0,1,0,0.06952776610463307,0.6895642963588695,0.7590920624635026,1
0,2.0,2,0,-0.03911314669657884,0.6895642963588695,0.6504511496622907,1
0,2.0,3,0,0.047533005578300536,0.6895642963588695,0.73709730193717,1
0,2.0,4,0,-0.0052730028562004705,0.6895642963588695,0.684291293502669,1
0,2.0,5,0,-0.041012034764879246,0.6895642963588695,0.6485522615939903,1
0,2.0,6,0,0.0060849231751624044,0.6895642963588695,0.6956492195340319,1
0,2.0,7,0,-0.03519477161546003,0.6895642963588695,0.6543695247434095,1
0,2.0,8,0,0.06513113688691763,0.6895642963588695,0.7546954332457871,1
0,2.0,9,0,-0.03210972323661887,0.6895642963588695,0.6574545731222506,1
0,2.5,0,0,0.006069387243740287,0.6895642963588695,0.6956336836026098,1
0,2.5,1,0,-0.04859121119309939,0.6895642963588695,0.6409730851657701,1
0,2.5,2,0,0.03069226280526338,0.6895642963588695,0.7202565591641329,1
0,2.5,3,0,0.07187305404444344,0.6895642963588695,0.761437350403313,1
0,2.5,4,0,-0.0369845015161977,0.6895642963588695,0.6525797948426718,1
0,2.5,5,0,-0.01972464062796242,0.6895642963588695,0.6698396557309071,1
0,2.5,6,0,-0.048123900409211884,0.6895642963588695,0.6414403959496576,1
0,2.5,7,0,-0.03291093385350485,0.6895642963588695,0.6566533625053647,1
0,2.5,8,0,-0.03502436673472453,0.6895642963588695,0.654539929624145,1
0,2.5,9,0,-0.024752499475393375,0.6895642963588695,0.6648117968834761,1
1,0.0,0,1,1.362951244721621,0.7872375235529058,2.1501887682745267,0
1,0.0,1,1,1.3629512447335088,0.7872375235529058,2.1501887682864145,0
1,0.0,2,1,1.3629512447291585,0.7872375235529058,2.150188768282064,0
1,0.0,3,1,1.3629512447340462,0.7872375235529058,2.150188768286952,0
1,0.0,4,1,1.362951244721696,0.7872375235529058,2.1501887682746017,0
1,0.0,5,1,1.362951244732284,0.7872375235529058,2.1501887682851897,0
1,0.0,6,1,1.3629512447243246,0.7872375235529058,2.1501887682772303,0
1,0.0,7,1,1.3629512447217396,0.7872375235529058,2.1501887682746452,0
1,0.0,8,1,1.362951244728746,0.7872375235529058,2.1501887682816516,0
1,0.0,9,1,1.3629512447371295,0.7872375235529058,2.150188768290035,0
1,0.25,0,1,1.260620810290154,0.7872375235529058,2.0478583338430596,0
1,0.25,1,0,0.4822502619694756,0.7872375235529058,1.2694877855223814,1
1,0.25,2,0,-0.020596519054235873,0.7872375235529058,0.7666410044986699,1
1,0.25,3,0,-0.01474492115628978,0.7872375235529058,0.772492602396616,1
1,0.25,4,0,-0.025907849008131145,0.7872375235529058,0.7613296745447746,1
1,0.25,5,0,-0.0158391304533837,0.7872375235529058,0.7713983930995221,1
1,0.25,6,0,-0.017296218780311956,0.7872375235529058,0.7699413047725938,1
1,0.25,7,0,-0.025935343340059314,0.7872375235529058,0.7613021802128465,1
1,0.25,8,0,-0.018797830638332624,0.7872375235529058,0.7684396929145731,1
1,0.25,9,0,-0.018443723959247427,0.7872375235529058,0.7687937995936583,1
1,0.5,0,0,-0.013714684271725175,0.7872375235529058,0.7735228392811806,1
1,0.5,1,0,-0.004671473760360367,0.7872375235529058,0.7825660497925454,1
1,0.5,2,0,-0.012376304526072968,0.7872375235529058,0.7748612190268328,1
1,0.5,3,0,-0.027298006327629243,0.7872375235529058,0.7599395172252765,1
1,0.5,4,0,-0.014416886916217897,0.7872375235529058,0.7728206366366879,1
1,0.5,5,0,-0.019756164590119307,0.7872375235529058,0.7674813589627865,1
1,0.5,6,0,-0.02935608060959738,0.7872375235529058,0.7578814429433084,1
1,0.5,7,0,-0.02738345863988667,0.7872375235529058,0.7598540649130191,1
1,0.5,8,0,-0.01062087442637627,0.7872375235529058,0.7766166491265295,1
1,0.5,9,0,-0.02755104365399974,0.7872375235529058,0.759686479898906,1
1,0.8,0,0,0.0020263058207304896,0.7872375235529058,0.7892638293736363,1
1,0.8,1,0,-0.022974230783364136,0.7872375235529058,0.7642632927695416,1
1,0.8,2,0,0.003809826526053439,0.7872375235529058,0.7910473500789592,1
1,0.8,3,0,-0.001538028004646419,0.7872375235529058,0.7856994955482594,1
1,0.8,4,0,-0.013876584180373075,0.7872375235529058,0.7733609393725327,1
1,0.8,5,0,-0.017060963864772294,0.7872375235529058,0.7701765596881335,1
1,0.8,6,0,-0.007946960812388326,0.7872375235529058,0.7792905627405174,1
1,0.8,7,0,-0.018412707693953423,0.7872375235529058,0.7688248158589523,1
1,0.8,8,0,-0.0066591432200708844,0.7872375235529058,0.7805783803328349,1
1,0.8,9,0,-0.012628062993487288,0.7872375235529058,0.7746094605594185,1
1,1.1,0,0,-0.04741073709323984,0.7872375235529058,0.7398267864596659,1
1,1.1,1,0,-0.013138859477748288,0.7872375235529058,0.7740986640751575,1
1,1.1,2,0,-0.01271572203513116,0.7872375235529058,0.7745218015177746,1
1,1.1,3,0,-0.014228566553130984,0.7872375235529058,0.7730089569997748,1
1,1.1,4,0,0.0003546049042733035,0.7872375235529058,0.7875921284571791,1
1,1.1,5,0,-0.01782521831663464,0.7872375235529058,0.7694123052362711,1
1,1.1,6,0,-0.029850615865977814,0.7872375235529058,0.757386907686928,1
1,1.1,7,0,-0.0032035548421854854,0.7872375235529058,0.7840339687107203,1
1,1.1,8,0,-0.006611793631748797,0.7872375235529058,0.780625729921157,1
1,1.1,9,0,0.01322588020509663,0.7872375235529058,0.8004634037580024,1
1,1.5,0,0,-0.008165884159892722,0.7872375235529058,0.779071639393013,1
1,1.5,1,0,-0.04169470441560752,0.7872375235529058,0.7455428191372983,1
1,1.5,2,0,-0.013939020010224956,0.7872375235529058,0.7732985035426808,1
1,1.5,3,0,-0.027843399823686443,0.7872375235529058,0.7593941237292193,1
1,1.5,4,0,-0.0021762394287072606,0.7872375235529058,0.7850612841241985,1
1,1.5,5,0,-0.011591430951719994,0.7872375235529058,0.7756460926011858,1
1,1.5,6,0,0.010903029468136927,0.7872375235529058,0.7981405530210427,1
1,1.5,7,0,0.0041307070019501735,0.7872375235529058,0.791368230554856,1
1,1.5,8,0,-0.048613231687350655,0.7872375235529058,0.7386242918655551,1
1,1.5,9,0,-0.013938549289168156,0.7872375235529058,0.7732989742637376,1
1,2.0,0,0,-0.01848039255481293,0.7872375235529058,0.7687571309980928,1
1,2.0,1,0,0.014246448650153676,0.7872375235529058,0.8014839722030594,1
1,2.0,2,0,-0.005480319977520298,0.7872375235529058,0.7817572035753855,1
1,2.0,3,0,-0.027164057807439135,0.7872375235529058,0.7600734657454666,1
1,2.0,4,0,0.009715557540367015,0.7872375235529058,0.7969530810932728,1
1,2.0,5,0,0.00877830970505733,0.7872375235529058,0.7960158332579631,1
1,2.0,6,0,-0.048979329954975115,0.7872375235529058,0.7382581935979307,1
1,2.0,7,0,0.019666302169803362,0.7872375235529058,0.8069038257227091,1
1,2.0,8,0,-0.05487521649382321,0.7872375235529058,0.7323623070590826,1
1,2.0,9,0,-0.025430561344319313,0.7872375235529058,0.7618069622085865,1
1,2.5,0,0,0.02200349828040782,0.7872375235529058,0.8092410218333136,1
1,2.5,1,0,-0.009242720105453572,0.7872375235529058,0.7779948034474522,1
1,2.5,2,0,-0.037473798569213956,0.7872375235529058,0.7497637249836918,1
1,2.5,3,0,0.05646514573941663,0.7872375235529058,0.8437026692923224,1
1,2.5,4,0,-0.004020012888168112,0.7872375235529058,0.7832175106647377,1
1,2.5,5,0,0.0009759111876054272,0.7872375235529058,0.7882134347405112,1
1,2.5,6,0,-0.02100569646124184,0.7872375235529058,0.7662318270916639,1
1,2.5,7,0,-0.007677393925209608,0.7872375235529058,0.7795601296276962,1
1,2.5,8,0,-0.06270369877096926,0.7872375235529058,0.7245338247819365,1
1,2.5,9,0,0.024128158357613394,0.7872375235529058,0.8113656819105192,1
2,0.0,0,1,1.2320447616596737,0.6939012038878438,1.9259459655475175,0
2,0.0,1,1,1.2320447616598555,0.6939012038878438,1.9259459655476994,0
2,0.0,2,1,1.2320447616597914,0.6939012038878438,1.9259459655476352,0
2,0.0,3,1,1.232044761659614,0.6939012038878438,1.9259459655474578,0
2,0.0,4,1,1.2320447616596277,0.6939012038878438,1.9259459655474716,0
2,0.0,5,1,1.2320447616603993,0.6939012038878438,1.9259459655482432,0
2,0.0,6,1,1.23204476165907,0.6939012038878438,1.9259459655469138,0
2,0.0,7,1,1.2320447616598367,0.6939012038878438,1.9259459655476805,0
2,0.0,8,1,1.2320447616615429,0.6939012038878438,1.9259459655493867,0
2,0.0,9,1,1.2320447616594303,0.6939012038878438,1.9259459655472742,0
2,0.25,0,1,1.195251172942863,0.6939012038878438,1.8891523768307068,0
2,0.25,1,0,0.4555519218211237,0.6939012038878438,1.1494531257089675,1
2,0.25,2,0,-0.023895735512124094,0.6939012038878438,0.6700054683757197,1
2,0.25,3,0,-0.016507993515962105,0.6939012038878438,0.6773932103718817,1
2,0.25,4,0,-0.017970671729385157,0.6939012038878438,0.6759305321584587,1
2,0.25,5,0,-0.02252989937954264,0.6939012038878438,0.6713713045083012,1
2,0.25,6,0,-0.01301908900395432,0.6939012038878438,0.6808821148838895,1
2,0.25,7,0,-0.017293559103124023,0.6939012038878438,0.6766076447847198,1
2,0.25,8,0,-0.022242151537180233,0.6939012038878438,0.6716590523506636,1
2,0.25,9,0,-0.01827147364448467,0.6939012038878438,0.6756297302433592,1
2,0.5,0,0,-0.026313165004643313,0.6939012038878438,0.6675880388832005,1
2,0.5,1,0,-0.012376795858023648,0.6939012038878438,0.6815244080298202,1
2,0.5,2,0,-0.010207859836952049,0.6939012038878438,0.6836933440508918,1
2,0.5,3,0,-0.012599999550512053,0.6939012038878438,0.6813012043373318,1
2,0.5,4,0,-0.02612984883807956,0.6939012038878438,0.6677713550497643,1
2,0.5,5,0,-0.01307464046220741,0.6939012038878438,0.6808265634256364,1
2,0.5,6,0,-0.01959308267296167,0.6939012038878438,0.6743081212148822,1
2,0.5,7,0,-0.015547045330877363,0.6939012038878438,0.6783541585569665,1
2,0.5,8,0,-0.017008503844334943,0.6939012038878438,0.6768927000435089,1
2,0.5,9,0,-0.021980267855058577,0.6939012038878438,0.6719209360327852,1
2,0.8,0,0,-0.016967725851812387,0.6939012038878438,0.6769334780360314,1
2,0.8,1,0,-0.010746503274333463,0.6939012038878438,0.6831547006135104,1
2,0.8,2,0,-0.0165247890076059,0.6939012038878438,0.6773764148802379,1
2,0.8,3,0,-0.03279285910339236,0.6939012038878438,0.6611083447844515,1
2,0.8,4,0,-0.008640746679306921,0.6939012038878438,0.6852604572085369,1
2,0.8,5,0,-0.0066341192724403975,0.6939012038878438,0.6872670846154034,1
2,0.8,6,0,-0.010140934938915103,0.6939012038878438,0.6837602689489287,1
2,0.8,7,0,-0.011299411194041431,0.6939012038878438,0.6826017926938024,1
2,0.8,8,0,-0.019285919638639015,0.6939012038878438,0.6746152842492048,1
2,0.8,9,0,-0.0023515805648612886,0.6939012038878438,0.6915496233229825,1
2,1.1,0,0,0.007507736043023794,0.6939012038878438,0.7014089399308676,1
2,1.1,1,0,-0.012617360869543237,0.6939012038878438,0.6812838430183006,1
2,1.1,2,0,-0.01395541404991929,0.6939012038878438,0.6799457898379245,1
2,1.1,3,0,-0.018358722673219252,0.6939012038878438,0.6755424812146246,1
2,1.1,4,0,-0.021456568196929315,0.6939012038878438,0.6724446356909145,1
2,1.1,5,0,-0.008099846219340456,0.6939012038878438,0.6858013576685034,1
2,1.1,6,0,0.04047260448275691,0.6939012038878438,0.7343738083706007,1
2,1.1,7,0,-0.005791315589270707,0.6939012038878438,0.6881098882985731,1
2,1.1,8,0,-0.0049032135934686805,0.6939012038878438,0.6889979902943751,1
2,1.1,9,0,-0.0021486344992500683,0.6939012038878438,0.6917525693885938,1
2,1.5,0,0,-0.04541165211709275,0.6939012038878438,0.6484895517707511,1
2,1.5,1,0,-0.0065806637593055495,0.6939012038878438,0.6873205401285383,1
2,1.5,2,0,0.025112763845344,0.6939012038878438,0.7190139677331878,1
2,1.5,3,0,-0.02401215137555235,0.6939012038878438,0.6698890525122915,1
2,1.5,4,0,-0.020633651551571264,0.6939012038878438,0.6732675523362726,1
2,1.5,5,0,0.015657159444072755,0.6939012038878438,0.7095583633319166,1
2,1.5,6,0,-0.023437801301048555,0.6939012038878438,0.6704634025867953,1
2,1.5,7,0,0.027602801957878453,0.6939012038878438,0.7215040058457223,1
2,1.5,8,0,-0.032977542675395544,0.6939012038878438,0.6609236612124483,1
2,1.5,9,0,-0.024668002376222797,0.6939012038878438,0.669233201511621,1
2,2.0,0,0,0.02319300754151743,0.6939012038878438,0.7170942114293613,1
2,2.0,1,0,-0.01994354537531029,0.6939012038878438,0.6739576585125335,1
2,2.0,2,0,0.0031278343384116836,0.6939012038878438,0.6970290382262555,1
2,2.0,3,0,0.010986995639867603,0.6939012038878438,0.7048881995277114,1
2,2.0,4,0,-0.02197271399672518,0.6939012038878438,0.6719284898911186,1
2,2.0,5,0,-0.034599115250764756,0.6939012038878438,0.6593020886370791,1
2,2.0,6,0,0.016026704222203536,0.6939012038878438,0.7099279081100474,1
2,2.0,7,0,0.013232061471004641,0.6939012038878438,0.7071332653588485,1
2,2.0,8,0,-0.0076615809839312154,0.6939012038878438,0.6862396229039126,1
2,2.0,9,0,-0.049043916736470905,0.6939012038878438,0.6448572871513729,1
2,2.5,0,0,-0.04016669777087756,0.6939012038878438,0.6537345061169663,1
2,2.5,1,0,-0.010864589898252786,0.6939012038878438,0.683036613989591,1
2,2.5,2,0,0.039328123108663404,0.6939012038878438,0.7332293269965072,1
2,2.5,3,0,-0.02721156304324679,0.6939012038878438,0.666689640844597,1
2,2.5,4,0,0.046529718426267075,0.6939012038878438,0.7404309223141109,1
2,2.5,5,0,-0.0357028615488294,0.6939012038878438,0.6581983423390144,1
2,2.5,6,0,0.003775667772140223,0.6939012038878438,0.697676871659984,1
2,2.5,7,0,-0.04511270112465704,0.6939012038878438,0.6487885027631868,1
2,2.5,8,0,0.024521774105466965,0.6939012038878438,0.7184229779933108,1
2,2.5,9,0,0.03095093589404363,0.6939012038878438,0.7248521397818875,1
3,0.0,0,1,1.1486095983725424,0.8204931114296492,1.9691027098021916,0
3,0.0,1,1,1.1486095983614113,0.8204931114296492,1.9691027097910605,0
3,0.0,2,1,1.14860959837168,0.8204931114296492,1.9691027098013292,0
3,0.0,3,1,1.1486095983087683,0.8204931114296492,1.9691027097384175,0
3,0.0,4,1,1.1486095983352027,0.8204931114296492,1.969102709764852,0
3,0.0,5,1,1.1486095983382711,0.8204931114296492,1.9691027097679203,0
3,0.0,6,1,1.148609598358421,0.8204931114296492,1.9691027097880702,0
3,0.0,7,1,1.148609598342178,0.8204931114296492,1.9691027097718272,0
3,0.0,8,1,1.1486095983235178,0.8204931114296492,1.969102709753167,0
3,0.0,9,1,1.1486095983436926,0.8204931114296492,1.9691027097733418,0
3,0.25,0,1,1.222555869071997,0.8204931114296492,2.0430489805016463,0
3,0.25,1,0,0.2549683850507558,0.8204931114296492,1.075461496480405,1
3,0.25,2,0,-0.006637711890150166,0.8204931114296492,0.813855399539499,1
3,0.25,3,0,-0.009169146310332166,0.8204931114296492,0.811323965119317,1
3,0.25,4,0,-0.0074206875241472625,0.8204931114296492,0.8130724239055019,1
3,0.25,5,0,-0.006767166197910179,0.8204931114296492,0.813725945231739,1
3,0.25,6,0,-0.014762298643531846,0.8204931114296492,0.8057308127861174,1
3,0.25,7,0,-0.018701826969508062,0.8204931114296492,0.8017912844601411,1
3,0.25,8,0,-0.007657040599689857,0.8204931114296492,0.8128360708299593,1
3,0.25,9,0,-0.0152098578428852,0.8204931114296492,0.805283253586764,1
3,0.5,0,0,-0.0007466544162445521,0.8204931114296492,0.8197464570134047,1
3,0.5,1,0,-0.010357834869954674,0.8204931114296492,0.8101352765596945,1
3,0.5,2,0,-0.008811517018499693,0.8204931114296492,0.8116815944111495,1
3,0.5,3,0,-0.010251390468740018,0.8204931114296492,0.8102417209609092,1
3,0.5,4,0,-0.017009204872599604,0.8204931114296492,0.8034839065570496,1
3,0.5,5,0,-0.000962071055590763,0.8204931114296492,0.8195310403740584,1
3,0.5,6,0,0.001779072936481163,0.8204931114296492,0.8222721843661304,1
3,0.5,7,0,-0.014511130244577508,0.8204931114296492,0.8059819811850717,1
3,0.5,8,0,0.008120282991647132,0.8204931114296492,0.8286133944212963,1
3,0.5,9,0,-0.005174348492009928,0.8204931114296492,0.8153187629376393,1
3,0.8,0,0,-0.01000640076891468,0.8204931114296492,0.8104867106607345,1
3,0.8,1,0,-0.004975303920546015,0.8204931114296492,0.8155178075091032,1
3,0.8,2,0,-0.0017678636597084907,0.8204931114296492,0.8187252477699407,1
3,0.8,3,0,0.008230487483804505,0.8204931114296492,0.8287235989134537,1
3,0.8,4,0,0.00023929048712523215,0.8204931114296492,0.8207324019167744,1
3,0.8,5,0,-0.0046855592741483765,0.8204931114296492,0.8158075521555008,1
3,0.8,6,0,-0.007244214834410512,0.8204931114296492,0.8132488965952387,1
3,0.8,7,0,0.006821416810693481,0.8204931114296492,0.8273145282403427,1
3,0.8,8,0,0.0008198217206106806,0.8204931114296492,0.8213129331502599,1
3,0.8,9,0,-0.016765173273750933,0.8204931114296492,0.8037279381558983,1
3,1.1,0,0,-0.02220564379845369,0.8204931114296492,0.7982874676311955,1
3,1.1,1,0,0.013001667003847306,0.8204931114296492,0.8334947784334965,1
3,1.1,2,0,-0.016766496240418483,0.8204931114296492,0.8037266151892307,1
3,1.1,3,0,0.012455461814248614,0.8204931114296492,0.8329485732438978,1
3,1.1,4,0,-0.009808154331048424,0.8204931114296492,0.8106849570986008,1
3,1.1,5,0,0.011263664054600442,0.8204931114296492,0.8317567754842496,1
3,1.1,6,0,-0.009225329950446892,0.8204931114296492,0.8112677814792023,1
3,1.1,7,0,-0.005143711161895825,0.8204931114296492,0.8153494002677534,1
3,1.1,8,0,-0.015201058328464079,0.8204931114296492,0.8052920531011851,1
3,1.1,9,0,-0.002158346234386599,0.8204931114296492,0.8183347651952626,1
3,1.5,0,0,-0.033585779835815344,0.8204931114296492,0.7869073315938339,1
3,1.5,1,0,0.038403261354187035,0.8204931114296492,0.8588963727838362,1
3,1.5,2,0,0.0031889524263074565,0.8204931114296492,0.8236820638559567,1
3,1.5,3,0,0.003782394813483303,0.8204931114296492,0.8242755062431325,1
3,1.5,4,0,0.020697926650394605,0.8204931114296492,0.8411910380800438,1
3,1.5,5,0,-0.008759658885701294,0.8204931114296492,0.8117334525439479,1
3,1.5,6,0,-0.042335174750361415,0.8204931114296492,0.7781579366792878,1
3,1.5,7,0,-0.012870558654869302,0.8204931114296492,0.8076225527747799,1
3,1.5,8,0,-0.0010890437687893773,0.8204931114296492,0.8194040676608598,1
3,1.5,9,0,-0.03725673316695155,0.8204931114296492,0.7832363782626977,1
3,2.0,0,0,-0.026568039956910927,0.8204931114296492,0.7939250714727383,1
3,2.0,1,0,-0.012836060870232924,0.8204931114296492,0.8076570505594163,1
3,2.0,2,0,0.024621934776269394,0.8204931114296492,0.8451150462059186,1
3,2.0,3,0,0.00345628697532252,0.8204931114296492,0.8239493984049717,1
3,2.0,4,0,-0.005022655587415881,0.8204931114296492,0.8154704558422333,1
3,2.0,5,0,-0.03555694284765054,0.8204931114296492,0.7849361685819987,1
3,2.0,6,0,0.012200730285709671,0.8204931114296492,0.8326938417153589,1
3,2.0,7,0,-0.02862336229196627,0.8204931114296492,0.7918697491376829,1
3,2.0,8,0,-0.029240610285632518,0.8204931114296492,0.7912525011440167,1
3,2.0,9,0,0.063611731458177,0.8204931114296492,0.8841048428878262,1
3,2.5,0,0,-0.03729199127801763,0.8204931114296492,0.7832011201516316,1
3,2.5,1,0,-0.047365363711019515,0.8204931114296492,0.7731277477186297,1
3,2.5,2,0,0.05141883348151377,0.8204931114296492,0.871911944911163,1
3,2.5,3,0,0.024758710169175746,0.8204931114296492,0.845251821598825,1
3,2.5,4,0,-0.02256022974338656,0.8204931114296492,0.7979328816862626,1
3,2.5,5,0,0.02793688474783762,0.8204931114296492,0.8484299961774868,1
3,2.5,6,0,0.016825750624880564,0.8204931114296492,0.8373188620545298,1
3,2.5,7,0,-0.0769007037460312,0.8204931114296492,0.743592407683618,1
3,2.5,8,0,0.0019138292631499798,0.8204931114296492,0.8224069406927992,1
3,2.5,9,0,0.04613735695101673,0.8204931114296492,0.8666304683806659,1
4,0.0,0,1,1.3698272460049747,0.7547023245479416,2.1245295705529164,0
4,0.0,1,1,1.3698272460107195,0.7547023245479416,2.124529570558661,0
4,0.0,2,1,1.3698272459942797,0.7547023245479416,2.1245295705422214,0
4,0.0,3,1,1.3698272460176961,0.7547023245479416,2.1245295705656377,0
4,0.0,4,1,1.369827246011077,0.7547023245479416,2.1245295705590186,0
4,0.0,5,1,1.3698272459868408,0.7547023245479416,2.1245295705347824,0
4,0.0,6,1,1.369827245974262,0.7547023245479416,2.1245295705222036,0
4,0.0,7,1,1.3698272460182548,0.7547023245479416,2.1245295705661964,0
4,0.0,8,1,1.3698272459930012,0.7547023245479416,2.124529570540943,0
4,0.0,9,1,1.3698272460061538,0.7547023245479416,2.1245295705540954,0
4,0.25,0,1,1.2141909092696044,0.7547023245479416,1.968893233817546,0
4,0.25,1,0,0.49730027322587333,0.7547023245479416,1.252002597773815,1
4,0.25,2,0,-0.020423180892914283,0.7547023245479416,0.7342791436550273,1
4,0.25,3,0,-0.022140369159623807,0.7547023245479416,0.7325619553883178,1
4,0.25,4,0,-0.01828401077335795,0.7547023245479416,0.7364183137745837,1
4,0.25,5,0,-0.019775078898846,0.7547023245479416,0.7349272456490956,1
4,0.25,6,0,-0.01798677452483688,0.7547023245479416,0.7367155500231047,1
4,0.25,7,0,-0.01309445317319613,0.7547023245479416,0.7416078713747455,1
4,0.25,8,0,-0.017408053135259727,0.7547023245479416,0.7372942714126819,1
4,0.25,9,0,-0.015528390560145544,0.7547023245479416,0.7391739339877961,1
4,0.5,0,0,-0.027870354151246945,0.7547023245479416,0.7268319703966947,1
4,0.5,1,0,-0.026151124453173913,0.7547023245479416,0.7285512000947677,1
4,0.5,2,0,-0.014974642274242056,0.7547023245479416,0.7397276822736996,1
4,0.5,3,0,-0.02191118895106947,0.7547023245479416,0.7327911355968721,1
4,0.5,4,0,-0.023180417825871436,0.7547023245479416,0.7315219067220702,1
4,0.5,5,0,-0.009058825775084545,0.7547023245479416,0.7456434987728571,1
4,0.5,6,0,-0.014988364395995157,0.7547023245479416,0.7397139601519465,1
4,0.5,7,0,-0.012523921936157922,0.7547023245479416,0.7421784026117837,1
4,0.5,8,0,-0.009902042012267964,0.7547023245479416,0.7448002825356737,1
4,0.5,9,0,-0.011621772855523904,0.7547023245479416,0.7430805516924177,1
4,0.8,0,0,-0.039560148213707125,0.7547023245479416,0.7151421763342345,1
4,0.8,1,0,-0.01164753648089345,0.7547023245479416,0.7430547880670482,1
4,0.8,2,0,-0.00811966114113083,0.7547023245479416,0.7465826634068108,1
4,0.8,3,0,-0.017965581349008275,0.7547023245479416,0.7367367431989333,1
4,0.8,4,0,-0.0023714144900461864,0.7547023245479416,0.7523309100578954,1
4,0.8,5,0,-0.033879596257274214,0.7547023245479416,0.7208227282906674,1
4,0.8,6,0,-0.00196723135702781,0.7547023245479416,0.7527350931909138,1
4,0.8,7,0,-0.024712111287144012,0.7547023245479416,0.7299902132607976,1
4,0.8,8,0,-0.008409861428057441,0.7547023245479416,0.7462924631198842,1
4,0.8,9,0,-0.01272352963055734,0.7547023245479416,0.7419787949173843,1
4,1.1,0,0,0.015081448852737545,0.7547023245479416,0.7697837734006792,1
4,1.1,1,0,0.02295842352117483,0.7547023245479416,0.7776607480691164,1
4,1.1,2,0,-0.055179177314541805,0.7547023245479416,0.6995231472333998,1
4,1.1,3,0,-0.005908051983236184,0.7547023245479416,0.7487942725647054,1
4,1.1,4,0,-0.027226061937283275,0.7547023245479416,0.7274762626106583,1
4,1.1,5,0,0.003863311381406498,0.7547023245479416,0.7585656359293481,1
4,1.1,6,0,-0.01312043790215589,0.7547023245479416,0.7415818866457857,1
4,1.1,7,0,-0.03257581136502585,0.7547023245479416,0.7221265131829158,1
4,1.1,8,0,0.0315356235947567,0.7547023245479416,0.7862379481426983,1
4,1.1,9,0,-0.001316866058050703,0.7547023245479416,0.7533854584898909,1
4,1.5,0,0,-0.054147558005882224,0.7547023245479416,0.7005547665420594,1
4,1.5,1,0,-0.006734520034773928,0.7547023245479416,0.7479678045131677,1
4,1.5,2,0,-0.006925201379699875,0.7547023245479416,0.7477771231682417,1
4,1.5,3,0,0.008348488342355465,0.7547023245479416,0.7630508128902971,1
4,1.5,4,0,-0.025570314709463582,0.7547023245479416,0.729132009838478,1
4,1.5,5,0,-0.032690423436753546,0.7547023245479416,0.7220119011111881,1
4,1.5,6,0,-0.019213314790448188,0.7547023245479416,0.7354890097574934,1
4,1.5,7,0,0.016646997125819296,0.7547023245479416,0.7713493216737609,1
4,1.5,8,0,-0.008541582524311808,0.7547023245479416,0.7461607420236298,1
4,1.5,9,0,-0.0035860324459474624,0.7547023245479416,0.7511162921019942,1
4,2.0,0,0,-0.030983684082565244,0.7547023245479416,0.7237186404653764,1
4,2.0,1,0,-0.007678233368946685,0.7547023245479416,0.7470240911789949,1
4,2.0,2,0,-0.05532043167585454,0.7547023245479416,0.6993818928720871,1
4,2.0,3,0,0.02914929733728555,0.7547023245479416,0.7838516218852272,1
4,2.0,4,0,-0.010195636517527196,0.7547023245479416,0.7445066880304144,1
4,2.0,5,0,-0.03534384276334157,0.7547023245479416,0.7193584817846,1
4,2.0,6,0,-0.027309053864598032,0.7547023245479416,0.7273932706833436,1
4,2.0,7,0,0.01596379694205785,0.7547023245479416,0.7706661214899995,1
4,2.0,8,0,-0.0739290044116303,0.7547023245479416,0.6807733201363113,1
4,2.0,9,0,0.03818105202968891,0.7547023245479416,0.7928833765776305,1
4,2.5,0,0,0.005147693109843532,0.7547023245479416,0.7598500176577851,1
4,2.5,1,0,-0.06768180512009181,0.7547023245479416,0.6870205194278498,1
4,2.5,2,0,0.007049061256700684,0.7547023245479416,0.7617513858046423,1
4,2.5,3,0,-0.027301257633128073,0.7547023245479416,0.7274010669148135,1
4,2.5,4,0,0.014864529571113838,0.7547023245479416,0.7695668541190555,1
4,2.5,5,0,0.07448531701382255,0.7547023245479416,0.8291876415617642,1
4,2.5,6,0,0.026264291788477334,0.7547023245479416,0.780966616336419,1
4,2.5,7,0,-0.028529730505244655,0.7547023245479416,0.726172594042697,1
4,2.5,8,0,0.03262626933511714,0.7547023245479416,0.7873285938830588,1
4,2.5,9,0,0.015316352658749421,0.7547023245479416,0.770018677206691,1
5,0.0,0,1,1.2682068960412236,0.871238841773479,2.1394457378147025,0
5,0.0,1,1,1.2682068960419999,0.871238841773479,2.1394457378154788,0
5,0.0,2,1,1.2682068960430537,0.871238841773479,2.1394457378165326,0
5,0.0,3,1,1.26820689604128,0.871238841773479,2.139445737814759,0
5,0.0,4,1,1.268206896041657,0.871238841773479,2.139445737815136,0
5,0.0,5,1,1.2682068960442905,0.871238841773479,2.1394457378177694,0
5,0.0,6,1,1.2682068960424937,0.871238841773479,2.1394457378159726,0
5,0.0,7,1,1.268206896039973,0.871238841773479,2.139445737813452,0
5,0.0,8,1,1.2682068960396875,0.871238841773479,2.1394457378131664,0
5,0.0,9,1,1.2682068960392479,0.871238841773479,2.1394457378127267,0
5,0.25,0,1,1.3176430674197173,0.871238841773479,2.188881909193196,0
5,0.25,1,0,0.6149530888012823,0.871238841773479,1.4861919305747613,1
5,0.25,2,0,-0.024950329276231864,0.871238841773479,0.8462885124972471,1
5,0.25,3,0,-0.023960128646411727,0.871238841773479,0.8472787131270673,1
5,0.25,4,0,-0.02675082577363963,0.871238841773479,0.8444880159998394,1
5,0.25,5,0,-0.02180894290370805,0.871238841773479,0.8494298988697709,1
5,0.25,6,0,-0.02844129784070759,0.871238841773479,0.8427975439327714,1
5,0.25,7,0,-0.02660115276948649,0.871238841773479,0.8446376890039925,1
5,0.25,8,0,-0.020906629003244803,0.871238841773479,0.8503322127702342,1
5,0.25,9,0,-0.023840817166259964,0.871238841773479,0.847398024607219,1
5,0.5,0,0,-0.02500634514777844,0.871238841773479,0.8462324966257005,1
5,0.5,1,0,-0.027624353431628168,0.871238841773479,0.8436144883418508,1
5,0.5,2,0,-0.015155048958032324,0.871238841773479,0.8560837928154467,1
5,0.5,3,0,-0.020975773540341636,0.871238841773479,0.8502630682331374,1
5,0.5,4,0,-0.012285609711030987,0.871238841773479,0.858953232062448,1
5,0.5,5,0,-0.025997692679286644,0.871238841773479,0.8452411490941923,1
5,0.5,6,0,-0.035387775112348474,0.871238841773479,0.8358510666611305,1
5,0.5,7,0,-0.025673505226082916,0.871238841773479,0.8455653365473961,1
5,0.5,8,0,-0.014276527224393987,0.871238841773479,0.856962314549085,1
5,0.5,9,0,-0.026111745127458064,0.871238841773479,0.8451270966460209,1
5,0.8,0,0,-0.033750181465110995,0.871238841773479,0.837488660308368,1
5,0.8,1,0,-0.026463033938812552,0.871238841773479,0.8447758078346664,1
5,0.8,2,0,-0.0191627416474488,0.871238841773479,0.8520761001260302,1
5,0.8,3,0,-0.02490188984375863,0.871238841773479,0.8463369519297204,1
5,0.8,4,0,-0.01940423023327409,0.871238841773479,0.8518346115402049,1
5,0.8,5,0,-0.013992206237671168,0.871238841773479,0.8572466355358078,1
5,0.8,6,0,-0.02063829685238905,0.871238841773479,0.8506005449210899,1
5,0.8,7,0,-0.03017536621673711,0.871238841773479,0.8410634755567419,1
5,0.8,8,0,-0.0254981843002281,0.871238841773479,0.8457406574732509,1
5,0.8,9,0,-0.004061313714465942,0.871238841773479,0.867177528059013,1
5,1.1,0,0,-0.024842210740036896,0.871238841773479,0.8463966310334421,1
5,1.1,1,0,-0.03448721537765009,0.871238841773479,0.8367516263958289,1
5,1.1,2,0,-0.003052005248874723,0.871238841773479,0.8681868365246043,1
5,1.1,3,0,0.00025054792657341896,0.871238841773479,0.8714893897000524,1
5,1.1,4,0,-0.01861142778289404,0.871238841773479,0.852627413990585,1
5,1.1,5,0,-0.04436531900248808,0.871238841773479,0.8268735227709909,1
5,1.1,6,0,0.007178183573207431,0.871238841773479,0.8784170253466864,1
5,1.1,7,0,-0.0216247292976961,0.871238841773479,0.8496141124757829,1
5,1.1,8,0,-0.009150126279312332,0.871238841773479,0.8620887154941667,1
5,1.1,9,0,-0.012582083546350264,0.871238841773479,0.8586567582271287,1
5,1.5,0,0,-0.01779650325894,0.871238841773479,0.853442338514539,1
5,1.5,1,0,0.011422532576273459,0.871238841773479,0.8826613743497524,1
5,1.5,2,0,0.012834320906490282,0.871238841773479,0.8840731626799693,1
5,1.5,3,0,-0.03635576887448999,0.871238841773479,0.834883072898989,1
5,1.5,4,0,-0.034345202980816,0.871238841773479,0.836893638792663,1
5,1.5,5,0,0.006329948977132904,0.871238841773479,0.8775687907506119,1
5,1.5,6,0,-0.022618804804638404,0.871238841773479,0.8486200369688406,1
5,1.5,7,0,-0.006029906411822883,0.871238841773479,0.8652089353616561,1
5,1.5,8,0,-0.0069183933290990485,0.871238841773479,0.8643204484443799,1
5,1.5,9,0,-0.023564489558228652,0.871238841773479,0.8476743522152503,1
5,2.0,0,0,-0.03139298795759571,0.871238841773479,0.8398458538158833,1
5,2.0,1,0,-0.013776067401380265,0.871238841773479,0.8574627743720987,1
5,2.0,2,0,0.02847261728248429,0.871238841773479,0.8997114590559633,1
5,2.0,3,0,-0.016741679381402585,0.871238841773479,0.8544971623920764,1
5,2.0,4,0,-0.02221755383710844,0.871238841773479,0.8490212879363706,1
5,2.0,5,0,0.009818480947580754,0.871238841773479,0.8810573227210597,1
5,2.0,6,0,0.0062679097905110615,0.871238841773479,0.87750675156399,1
5,2.0,7,0,0.021194063795049956,0.871238841773479,0.892432905568529,1
5,2.0,8,0,0.0012522286530588511,0.871238841773479,0.8724910704265378,1
5,2.0,9,0,2.6385787975313768e-05,0.871238841773479,0.8712652275614543,1
5,2.5,0,0,0.027496809766571095,0.871238841773479,0.8987356515400501,1
5,2.5,1,0,-0.023924071720730966,0.871238841773479,0.847314770052748,1
5,2.5,2,0,-0.020376977634002258,0.871238841773479,0.8508618641394767,1
5,2.5,3,0,0.024641978712252266,0.871238841773479,0.8958808204857313,1
5,2.5,4,0,-0.007531291788241745,0.871238841773479,0.8637075499852372,1
5,2.5,5,0,0.06635665952850556,0.871238841773479,0.9375955013019845,1
5,2.5,6,0,0.011659260471029609,0.871238841773479,0.8828981022445086,1
5,2.5,7,0,-0.03556677147469289,0.871238841773479,0.8356720702987861,1
5,2.5,8,0,0.028057644827858663,0.871238841773479,0.8992964866013377,1
5,2.5,9,0,-0.06463338426844467,0.871238841773479,0.8066054575050343,1
6,0.0,0,1,1.32349997688814,0.7244683485102092,2.047968325398349,0
6,0.0,1,1,1.3234999774723428,0.7244683485102092,2.047968325982552,0
6,0.0,2,1,1.3234999766063489,0.7244683485102092,2.047968325116558,0
6,0.0,3,1,1.323499976513032,0.7244683485102092,2.047968325023241,0
6,0.0,4,1,1.3234999768739633,0.7244683485102092,2.0479683253841725,0
6,0.0,5,1,1.3234999772729108,0.7244683485102092,2.04796832578312,0
6,0.0,6,1,1.3234999772997458,0.7244683485102092,2.047968325809955,0
6,0.0,7,1,1.3234999770573992,0.7244683485102092,2.0479683255676084,0
6,0.0,8,1,1.3234999769205358,0.7244683485102092,2.047968325430745,0
6,0.0,9,1,1.3234999774499243,0.7244683485102092,2.0479683259601336,0
6,0.25,0,1,1.1897820127366772,0.7244683485102092,1.9142503612468864,0
6,0.25,1,0,0.5199604850012889,0.7244683485102092,1.2444288335114981,1
6,0.25,2,0,-0.023844808863187628,0.7244683485102092,0.7006235396470216,1
6,0.25,3,0,-0.019297657282463243,0.7244683485102092,0.705170691227746,1
6,0.25,4,0,-0.02236597959594855,0.7244683485102092,0.7021023689142607,1
6,0.25,5,0,-0.026690466804602186,0.7244683485102092,0.6977778817056071,1
6,0.25,6,0,-0.026213141613614876,0.7244683485102092,0.6982552068965944,1
6,0.25,7,0,-0.0140621654770835,0.7244683485102092,0.7104061830331257,1
6,0.25,8,0,-0.01714675546052491,0.7244683485102092,0.7073215930496843,1
6,0.25,9,0,-0.02714790741802353,0.7244683485102092,0.6973204410921857,1
6,0.5,0,0,-0.03172165183837772,0.7244683485102092,0.6927466966718315,1
6,0.5,1,0,-0.013931510685314508,0.7244683485102092,0.7105368378248947,1
6,0.5,2,0,-0.017570946974609813,0.7244683485102092,0.7068974015355994,1
6,0.5,3,0,-0.017945079566567435,0.7244683485102092,0.7065232689436418,1
6,0.5,4,0,-0.012857426659676152,0.7244683485102092,0.7116109218505331,1
6,0.5,5,0,-0.025712989220457727,0.7244683485102092,0.6987553592897515,1
6,0.5,6,0,-0.019463833664334906,0.7244683485102092,0.7050045148458743,1
6,0.5,7,0,-0.01938650233809458,0.7244683485102092,0.7050818461721147,1
6,0.5,8,0,-0.017520705413922033,0.7244683485102092,0.7069476430962872,1
6,0.5,9,0,-0.021418774580989508,0.7244683485102092,0.7030495739292197,1
6,0.8,0,0,-0.008120961686867156,0.7244683485102092,0.7163473868233421,1
6,0.8,1,0,-0.005359122656005466,0.7244683485102092,0.7191092258542038,1
6,0.8,2,0,-0.011637783391138301,0.7244683485102092,0.712830565119071,1
6,0.8,3,0,-0.025825995557443027,0.7244683485102092,0.6986423529527662,1
6,0.8,4,0,0.0012143859709974336,0.7244683485102092,0.7256827344812067,1
6,0.8,5,0,-0.020502257305823335,0.7244683485102092,0.7039660912043859,1
6,0.8,6,0,-0.020626162140334636,0.7244683485102092,0.7038421863698746,1
6,0.8,7,0,-0.004844050470595995,0.7244683485102092,0.7196242980396133,1
6,0.8,8,0,-0.007879485141181974,0.7244683485102092,0.7165888633690273,1
6,0.8,9,0,-0.022067073117712055,0.7244683485102092,0.7024012753924972,1
6,1.1,0,0,-0.024141165346308724,0.7244683485102092,0.7003271831639005,1
6,1.1,1,0,0.007636243093993578,0.7244683485102092,0.7321045916042028,1
6,1.1,2,0,-0.018685087913356657,0.7244683485102092,0.7057832605968526,1
6,1.1,3,0,-0.01795984053270716,0.7244683485102092,0.7065085079775021,1
6,1.1,4,0,-0.025966654475449547,0.7244683485102092,0.6985016940347597,1
6,1.1,5,0,-0.023425723322732073,0.7244683485102092,0.7010426251874772,1
6,1.1,6,0,0.0017467013133707354,0.7244683485102092,0.72621504982358,1
6,1.1,7,0,-0.024762944481789062,0.7244683485102092,0.6997054040284202,1
6,1.1,8,0,-0.007015220287158397,0.7244683485102092,0.7174531282230509,1
6,1.1,9,0,-0.01868143360187735,0.7244683485102092,0.7057869149083319,1
6,1.5,0,0,-0.07837359558161305,0.7244683485102092,0.6460947529285962,1
6,1.5,1,0,-0.022241767981443727,0.7244683485102092,0.7022265805287655,1
6,1.5,2,0,-0.025890683162951955,0.7244683485102092,0.6985776653472573,1
6,1.5,3,0,-0.04418487214850042,0.7244683485102092,0.6802834763617088,1
6,1.5,4,0,-0.032357742680021895,0.7244683485102092,0.6921106058301874,1
6,1.5,5,0,-0.0013615035481603366,0.7244683485102092,0.7231068449620489,1
6,1.5,6,0,-0.026076137387039622,0.7244683485102092,0.6983922111231696,1
6,1.5,7,0,0.021192870514984308,0.7244683485102092,0.7456612190251936,1
6,1.5,8,0,-0.033254077464906606,0.7244683485102092,0.6912142710453026,1
6,1.5,9,0,-0.025815214451390567,0.7244683485102092,0.6986531340588187,1
6,2.0,0,0,-0.009640999249688087,0.7244683485102092,0.7148273492605212,1
6,2.0,1,0,-0.028221071113831986,0.7244683485102092,0.6962472773963773,1
6,2.0,2,0,0.01656021218710091,0.7244683485102092,0.7410285606973102,1
6,2.0,3,0,-0.03281839923069929,0.7244683485102092,0.69164994927951,1
6,2.0,4,0,-0.003353741465537019,0.7244683485102092,0.7211146070446722,1
6,2.0,5,0,0.0498242127295353,0.7244683485102092,0.7742925612397445,1
6,2.0,6,0,-0.009808750350192241,0.7244683485102092,0.714659598160017,1
6,2.0,7,0,-0.05122898597698622,0.7244683485102092,0.673239362533223,1
6,2.0,8,0,-0.05184647348253357,0.7244683485102092,0.6726218750276757,1
6,2.0,9,0,-0.030083666506199425,0.7244683485102092,0.6943846820040098,1
6,2.5,0,0,-0.02823054889539478,0.7244683485102092,0.6962377996148145,1
6,2.5,1,0,0.042317128613747146,0.7244683485102092,0.7667854771239564,1
6,2.5,2,0,-0.042972542818413006,0.7244683485102092,0.6814958056917962,1
6,2.5,3,0,0.009617731726950796,0.7244683485102092,0.73408608023716,1
6,2.5,4,0,-0.06544966346063841,0.7244683485102092,0.6590186850495708,1
6,2.5,5,0,-0.030979070588244118,0.7244683485102092,0.6934892779219651,1
6,2.5,6,0,0.012189720094182954,0.7244683485102092,0.7366580686043922,1
6,2.5,7,0,-0.0028168689470241537,0.7244683485102092,0.7216514795631851,1
6,2.5,8,0,-0.007253179754137085,0.7244683485102092,0.7172151687560722,1
6,2.5,9,0,-0.023672973303627387,0.7244683485102092,0.7007953752065819,1
7,0.0,0,1,1.3269764858707902,0.6557486209490442,1.9827251068198344,0
7,0.0,1,1,1.326976485996205,0.6557486209490442,1.9827251069452492,0
7,0.0,2,1,1.3269764856912383,0.6557486209490442,1.9827251066402825,0
7,0.0,3,1,1.3269764858599424,0.6557486209490442,1.9827251068089866,0
7,0.0,4,1,1.3269764857290973,0.6557486209490442,1.9827251066781415,0
7,0.0,5,1,1.326976485743388,0.6557486209490442,1.982725106692432,0
7,0.0,6,1,1.3269764859654303,0.6557486209490442,1.9827251069144745,0
7,0.0,7,1,1.326976485969225,0.6557486209490442,1.9827251069182692,0
7,0.0,8,1,1.326976485781623,0.6557486209490442,1.9827251067306673,0
7,0.0,9,1,1.3269764858898259,0.6557486209490442,1.98272510683887,0
7,0.25,0,1,1.2718140224067356,0.6557486209490442,1.9275626433557798,0
7,0.25,1,0,0.5612583234702302,0.6557486209490442,1.2170069444192744,1
7,0.25,2,0,-0.023463783987243025,0.6557486209490442,0.6322848369618012,1
7,0.25,3,0,-0.022289907653871843,0.6557486209490442,0.6334587132951723,1
7,0.25,4,0,-0.0286915587358475,0.6557486209490442,0.6270570622131967,1
7,0.25,5,0,-0.018546790911612376,0.6557486209490442,0.6372018300374318,1
7,0.25,6,0,-0.022292146852615158,0.6557486209490442,0.633456474096429,1
7,0.25,7,0,-0.018094100205108377,0.6557486209490442,0.6376545207439358,1
7,0.25,8,0,-0.024793314717624915,0.6557486209490442,0.6309553062314193,1
7,0.25,9,0,-0.020209270721852857,0.6557486209490442,0.6355393502271913,1
7,0.5,0,0,-0.018323373051699843,0.6557486209490442,0.6374252478973443,1
7,0.5,1,0,-0.029311083551479933,0.6557486209490442,0.6264375373975642,1
7,0.5,2,0,-0.02048891367986505,0.6557486209490442,0.6352597072691791,1
7,0.5,3,0,-0.017019631492559473,0.6557486209490442,0.6387289894564847,1
7,0.5,4,0,-0.027990556099776742,0.6557486209490442,0.6277580648492674,1
7,0.5,5,0,-0.015998731009913003,0.6557486209490442,0.6397498899391312,1
7,0.5,6,0,-0.03403215877345478,0.6557486209490442,0.6217164621755894,1
7,0.5,7,0,-0.024063663555267567,0.6557486209490442,0.6316849573937766,1
7,0.5,8,0,-0.01867052196221264,0.6557486209490442,0.6370780989868315,1
7,0.5,9,0,-0.023358579415809433,0.6557486209490442,0.6323900415332347,1
7,0.8,0,0,-0.03138738496004745,0.6557486209490442,0.6243612359889967,1
7,0.8,1,0,-0.013457498384396471,0.6557486209490442,0.6422911225646477,1
7,0.8,2,0,-0.02600030475495363,0.6557486209490442,0.6297483161940906,1
7,0.8,3,0,-0.02735587009917384,0.6557486209490442,0.6283927508498703,1
7,0.8,4,0,-0.011754349875493286,0.6557486209490442,0.6439942710735509,1
7,0.8,5,0,-0.015545406354766977,0.6557486209490442,0.6402032145942772,1
7,0.8,6,0,-0.020829518566392147,0.6557486209490442,0.634919102382652,1
7,0.8,7,0,-0.029770765507855068,0.6557486209490442,0.6259778554411891,1
7,0.8,8,0,-0.038760857821017236,0.6557486209490442,0.616987763128027,1
7,0.8,9,0,-0.01669308570379513,0.6557486209490442,0.639055535245249,1
7,1.1,0,0,0.0012262864002223761,0.6557486209490442,0.6569749073492666,1
7,1.1,1,0,-0.014922830842893031,0.6557486209490442,0.6408257901061511,1
7,1.1,2,0,-0.014019152037175409,0.6557486209490442,0.6417294689118688,1
7,1.1,3,0,0.013296836257174705,0.6557486209490442,0.6690454572062189,1
7,1.1,4,0,-0.02835989118578819,0.6557486209490442,0.627388729763256,1
7,1.1,5,0,-0.013891912628188563,0.6557486209490442,0.6418567083208556,1
7,1.1,6,0,-0.012326547345996586,0.6557486209490442,0.6434220736030476,1
7,1.1,7,0,-0.01779389929565689,0.6557486209490442,0.6379547216533873,1
7,1.1,8,0,-0.008744808763574086,0.6557486209490442,0.6470038121854701,1
7,1.1,9,0,-0.0331215766705486,0.6557486209490442,0.6226270442784956,1
7,1.5,0,0,-0.006642358711115404,0.6557486209490442,0.6491062622379288,1
7,1.5,1,0,-0.022253938816011343,0.6557486209490442,0.6334946821330328,1
7,1.5,2,0,0.013968297448413991,0.6557486209490442,0.6697169183974582,1
7,1.5,3,0,0.04613551315845754,0.6557486209490442,0.7018841341075017,1
7,1.5,4,0,-0.00162726267014357,0.6557486209490442,0.6541213582789006,1
7,1.5,5,0,-0.025542370084688848,0.6557486209490442,0.6302062508643553,1
7,1.5,6,0,-0.03981181669033329,0.6557486209490442,0.6159368042587109,1
7,1.5,7,0,0.04449247419022717,0.6557486209490442,0.7002410951392714,1
7,1.5,8,0,-0.036223765567237276,0.6557486209490442,0.6195248553818069,1
7,1.5,9,0,-0.02777415310695086,0.6557486209490442,0.6279744678420933,1
7,2.0,0,0,-0.015543560008664192,0.6557486209490442,0.64020506094038,1
7,2.0,1,0,0.06446781259503032,0.6557486209490442,0.7202164335440745,1
7,2.0,2,0,0.03899008334339693,0.6557486209490442,0.6947387042924411,1
7,2.0,3,0,-0.05393590294121153,0.6557486209490442,0.6018127180078326,1
7,2.0,4,0,0.04708173204253885,0.6557486209490442,0.702830352991583,1
7,2.0,5,0,-0.005193936530412113,0.6557486209490442,0.6505546844186321,1
7,2.0,6,0,0.0765073757410174,0.6557486209490442,0.7322559966900616,1
7,2.0,7,0,-0.057321668868418274,0.6557486209490442,0.5984269520806259,1
7,2.0,8,0,0.03609844403084217,0.6557486209490442,0.6918470649798864,1
7,2.0,9,0,-0.02218182749063058,0.6557486209490442,0.6335667934584136,1
7,2.5,0,0,-0.023848542676303874,0.6557486209490442,0.6319000782727403,1
7,2.5,1,0,-0.004039173044665945,0.6557486209490442,0.6517094479043782,1
7,2.5,2,0,-0.04209554180246644,0.6557486209490442,0.6136530791465777,1
7,2.5,3,0,-0.0077731482160785514,0.6557486209490442,0.6479754727329656,1
7,2.5,4,0,-0.008576519363591162,0.6557486209490442,0.647172101585453,1
7,2.5,5,0,-0.019383124005595498,0.6557486209490442,0.6363654969434487,1
7,2.5,6,0,-0.07848591518545489,0.6557486209490442,0.5772627057635893,1
7,2.5,7,0,-0.04144093458042042,0.6557486209490442,0.6143076863686238,1
7,2.5,8,0,0.004299008895484624,0.6557486209490442,0.6600476298445288,1
7,2.5,9,0,-0.0025353766978014614,0.6557486209490442,0.6532132442512427,1
8,0.0,0,1,1.2679843108654292,0.7245311244098726,1.9925154352753016,0
8,0.0,1,1,1.2679843108855269,0.7245311244098726,1.9925154352953995,0
8,0.0,2,1,1.267984310873496,0.7245311244098726,1.9925154352833687,0
8,0.0,3,1,1.2679843108531967,0.7245311244098726,1.9925154352630692,0
8,0.0,4,1,1.267984310867147,0.7245311244098726,1.9925154352770196,0
8,0.0,5,1,1.2679843108706055,0.7245311244098726,1.9925154352804781,0
8,0.0,6,1,1.267984310877663,0.7245311244098726,1.9925154352875356,0
8,0.0,7,1,1.267984310872957,0.7245311244098726,1.9925154352828294,0
8,0.0,8,1,1.2679843108619293,0.7245311244098726,1.9925154352718017,0
8,0.0,9,1,1.267984310865316,0.7245311244098726,1.9925154352751886,0
8,0.25,0,1,1.3012292332303756,0.7245311244098726,2.025760357640248,0
8,0.25,1,0,0.5492215032523481,0.7245311244098726,1.2737526276622206,1
8,0.25,2,0,-0.02441142223262882,0.7245311244098726,0.7001197021772437,1
8,0.25,3,0,-0.01821167304230009,0.7245311244098726,0.7063194513675725,1
8,0.25,4,0,-0.02493751929032828,0.7245311244098726,0.6995936051195443,1
8,0.25,5,0,-0.020226221714978454,0.7245311244098726,0.7043049026948941,1
8,0.25,6,0,-0.0225368937235092,0.7245311244098726,0.7019942306863634,1
8,0.25,7,0,-0.019767161968812785,0.7245311244098726,0.7047639624410598,1
8,0.25,8,0,-0.0214575909400766,0.7245311244098726,0.703073533469796,1
8,0.25,9,0,-0.02445225311610455,0.7245311244098726,0.700078871293768,1
8,0.5,0,0,-0.027783702311025005,0.7245311244098726,0.6967474220988475,1
8,0.5,1,0,-0.017536008900226885,0.7245311244098726,0.7069951155096457,1
8,0.5,2,0,-0.011774028441888462,0.7245311244098726,0.7127570959679841,1
8,0.5,3,0,-0.017602573418928014,0.7245311244098726,0.7069285509909445,1
8,0.5,4,0,-0.0233057465363955,0.7245311244098726,0.701225377873477,1
8,0.5,5,0,-0.006732517447593511,0.7245311244098726,0.717798606962279,1
8,0.5,6,0,-0.012185358972366833,0.7245311244098726,0.7123457654375057,1
8,0.5,7,0,-0.021864909731095228,0.7245311244098726,0.7026662146787773,1
8,0.5,8,0,-0.012033023533695952,0.7245311244098726,0.7124981008761766,1
8,0.5,9,0,-0.022295881483638924,0.7245311244098726,0.7022352429262336,1
8,0.8,0,0,-0.015148878833230683,0.7245311244098726,0.7093822455766419,1
8,0.8,1,0,-0.03193943904227059,0.7245311244098726,0.692591685367602,1
8,0.8,2,0,-0.01890649293788882,0.7245311244098726,0.7056246314719837,1
8,0.8,3,0,-0.02380477658486635,0.7245311244098726,0.7007263478250062,1
8,0.8,4,0,-0.006911075287906132,0.7245311244098726,0.7176200491219664,1
8,0.8,5,0,-0.032925563831294746,0.7245311244098726,0.6916055605785778,1
8,0.8,6,0,-0.022646137339101258,0.7245311244098726,0.7018849870707713,1
8,0.8,7,0,-0.026210065277742833,0.7245311244098726,0.6983210591321297,1
8,0.8,8,0,-0.018451605995274956,0.7245311244098726,0.7060795184145976,1
8,0.8,9,0,-0.01272450747909204,0.7245311244098726,0.7118066169307805,1
8,1.1,0,0,-0.014259226232543942,0.7245311244098726,0.7102718981773286,1
8,1.1,1,0,-0.03359866102173614,0.7245311244098726,0.6909324633881364,1
8,1.1,2,0,-0.010483895132964216,0.7245311244098726,0.7140472292769083,1
8,1.1,3,0,-0.0124760961045155,0.7245311244098726,0.712055028305357,1
8,1.1,4,0,-0.042722451373241266,0.7245311244098726,0.6818086730366313,1
8,1.1,5,0,-0.023366606788303157,0.7245311244098726,0.7011645176215694,1
8,1.1,6,0,-0.022667231824675338,0.7245311244098726,0.7018638925851972,1
8,1.1,7,0,-0.008767579629014643,0.7245311244098726,0.7157635447808579,1
8,1.1,8,0,0.0029071991255940066,0.7245311244098726,0.7274383235354666,1
8,1.1,9,0,-0.015452274376460462,0.7245311244098726,0.7090788500334121,1
8,1.5,0,0,-0.03972658715009969,0.7245311244098726,0.6848045372597729,1
8,1.5,1,0,0.013167874139879743,0.7245311244098726,0.7376989985497523,1
8,1.5,2,0,-0.012511423240329944,0.7245311244098726,0.7120197011695426,1
8,1.5,3,0,-0.0008107852111066682,0.7245311244098726,0.7237203391987659,1
8,1.5,4,0,-0.015737771567783998,0.7245311244098726,0.7087933528420886,1
8,1.5,5,0,0.013671869352503307,0.7245311244098726,0.7382029937623759,1
8,1.5,6,0,-0.02538993289739777,0.7245311244098726,0.6991411915124748,1
8,1.5,7,0,0.004294440997681281,0.7245311244098726,0.7288255654075538,1
8,1.5,8,0,-0.02007833082997068,0.7245311244098726,0.7044527935799019,1
8,1.5,9,0,-0.030081006498995144,0.7245311244098726,0.6944501179108774,1
8,2.0,0,0,0.00994894981081007,0.7245311244098726,0.7344800742206826,1
8,2.0,1,0,0.014742346092983416,0.7245311244098726,0.739273470502856,1
8,2.0,2,0,-0.016290027829989673,0.7245311244098726,0.7082410965798829,1
8,2.0,3,0,-0.016058485856449645,0.7245311244098726,0.7084726385534229,1
8,2.0,4,0,-0.022262455775086232,0.7245311244098726,0.7022686686347863,1
8,2.0,5,0,0.019826564040903993,0.7245311244098726,0.7443576884507765,1
8,2.0,6,0,-0.0403787638731784,0.7245311244098726,0.6841523605366941,1
8,2.0,7,0,0.0005582293697977692,0.7245311244098726,0.7250893537796703,1
8,2.0,8,0,-0.04393731467437956,0.7245311244098726,0.680593809735493,1
8,2.0,9,0,-0.03479560793427805,0.7245311244098726,0.6897355164755945,1
8,2.5,0,0,0.03447894519631811,0.7245311244098726,0.7590100696061907,1
8,2.5,1,0,-0.013401547803025715,0.7245311244098726,0.7111295766068468,1
8,2.5,2,0,-0.02534378766468892,0.7245311244098726,0.6991873367451836,1
8,2.5,3,0,-0.031259088050170525,0.7245311244098726,0.693272036359702,1
8,2.5,4,0,0.034599010125120344,0.7245311244098726,0.7591301345349929,1
8,2.5,5,0,-0.017063499139464144,0.7245311244098726,0.7074676252704084,1
8,2.5,6,0,-0.06491451113230307,0.7245311244098726,0.6596166132775695,1
8,2.5,7,0,0.03622124978346686,0.7245311244098726,0.7607523741933394,1
8,2.5,8,0,-0.03724661012530783,0.7245311244098726,0.6872845142845647,1
8,2.5,9,0,-0.03631271766860411,0.7245311244098726,0.6882184067412684,1
9,0.0,0,1,1.3038282640201655,0.6922068603787855,1.9960351243989511,0
9,0.0,1,1,1.3038282640008223,0.6922068603787855,1.996035124379608,0
9,0.0,2,1,1.3038282640094714,0.6922068603787855,1.996035124388257,0
9,0.0,3,1,1.3038282640168792,0.6922068603787855,1.9960351243956649,0
9,0.0,4,1,1.3038282640112961,0.6922068603787855,1.9960351243900818,0
9,0.0,5,1,1.3038282640081036,0.6922068603787855,1.9960351243868892,0
9,0.0,6,1,1.3038282640216052,0.6922068603787855,1.9960351244003909,0
9,0.0,7,1,1.303828263997794,0.6922068603787855,1.9960351243765795,0
9,0.0,8,1,1.3038282640069045,0.6922068603787855,1.99603512438569,0
9,0.0,9,1,1.3038282640035348,0.6922068603787855,1.9960351243823204,0
9,0.25,0,1,1.227648865498236,0.6922068603787855,1.9198557258770215,0
9,0.25,1,0,0.4880684477276246,0.6922068603787855,1.1802753081064101,1
9,0.25,2,0,-0.02002420917594816,0.6922068603787855,0.6721826512028374,1
9,0.25,3,0,-0.018142590867449404,0.6922068603787855,0.6740642695113361,1
9,0.25,4,0,-0.013825878616266718,0.6922068603787855,0.6783809817625188,1
9,0.25,5,0,-0.026480329015599602,0.6922068603787855,0.6657265313631859,1
9,0.25,6,0,-0.014498803471485466,0.6922068603787855,0.6777080569073001,1
9,0.25,7,0,-0.020988996152651818,0.6922068603787855,0.6712178642261337,1
9,0.25,8,0,-0.016499315782070978,0.6922068603787855,0.6757075445967146,1
9,0.25,9,0,-0.025450144014335097,0.6922068603787855,0.6667567163644504,1
9,0.5,0,0,-0.011258319133530592,0.6922068603787855,0.680948541245255,1
9,0.5,1,0,-0.019752390829521294,0.6922068603787855,0.6724544695492642,1
9,0.5,2,0,-0.023051024651358887,0.6922068603787855,0.6691558357274267,1
9,0.5,3,0,-0.022042714388757823,0.6922068603787855,0.6701641459900277,1
9,0.5,4,0,-0.020576118802095644,0.6922068603787855,0.6716307415766899,1
9,0.5,5,0,-0.00689703249619722,0.6922068603787855,0.6853098278825883,1
9,0.5,6,0,-0.009354906907334315,0.6922068603787855,0.6828519534714512,1
9,0.5,7,0,-0.02209078707091039,0.6922068603787855,0.6701160733078751,1
9,0.5,8,0,-0.015650759436813266,0.6922068603787855,0.6765561009419723,1
9,0.5,9,0,-0.017345996397097774,0.6922068603787855,0.6748608639816878,1
9,0.8,0,0,0.0098706466441707,0.6922068603787855,0.7020775070229562,1
9,0.8,1,0,-0.021191751256540714,0.6922068603787855,0.6710151091222448,1
9,0.8,2,0,-0.02149633632442194,0.6922068603787855,0.6707105240543636,1
9,0.8,3,0,-0.03088280334540794,0.6922068603787855,0.6613240570333776,1
9,0.8,4,0,-0.03031880629175976,0.6922068603787855,0.6618880540870258,1
9,0.8,5,0,-0.021637160338643158,0.6922068603787855,0.6705697000401424,1
9,0.8,6,0,-0.027555746770913214,0.6922068603787855,0.6646511136078723,1
9,0.8,7,0,-0.00367749672726303,0.6922068603787855,0.6885293636515225,1
9,0.8,8,0,-0.022754044405073448,0.6922068603787855,0.6694528159737121,1
9,0.8,9,0,-0.022969720229324975,0.6922068603787855,0.6692371401494606,1
9,1.1,0,0,-0.01418904729892756,0.6922068603787855,0.678017813079858,1
9,1.1,1,0,-0.0305965391128048,0.6922068603787855,0.6616103212659807,1
9,1.1,2,0,-0.00946611920332363,0.6922068603787855,0.6827407411754619,1
9,1.1,3,0,-0.02200056553279295,0.6922068603787855,0.6702062948459926,1
9,1.1,4,0,-0.0070342677593611125,0.6922068603787855,0.6851725926194244,1
9,1.1,5,0,-0.021197100109764055,0.6922068603787855,0.6710097602690215,1
9,1.1,6,0,-0.011041254309409054,0.6922068603787855,0.6811656060693765,1
9,1.1,7,0,-0.011323076144540978,0.6922068603787855,0.6808837842342446,1
9,1.1,8,0,-0.02425564339422559,0.6922068603787855,0.66795121698456,1
9,1.1,9,0,-0.022597749805779332,0.6922068603787855,0.6696091105730062,1
9,1.5,0,0,-0.015268284725855397,0.6922068603787855,0.6769385756529301,1
9,1.5,1,0,-0.018776516317381087,0.6922068603787855,0.6734303440614045,1
9,1.5,2,0,0.020961297916811228,0.6922068603787855,0.7131681582955968,1
9,1.5,3,0,-0.019934192167321396,0.6922068603787855,0.6722726682114641,1
9,1.5,4,0,-0.00551612249755018,0.6922068603787855,0.6866907378812354,1
9,1.5,5,0,-0.002806741534015056,0.6922068603787855,0.6894001188447705,1
9,1.5,6,0,0.017111022565420297,0.6922068603787855,0.7093178829442058,1
9,1.5,7,0,-0.015637121797034692,0.6922068603787855,0.6765697385817508,1
9,1.5,8,0,-0.00445874329010898,0.6922068603787855,0.6877481170886766,1
9,1.5,9,0,-0.026370042211571465,0.6922068603787855,0.6658368181672141,1
9,2.0,0,0,0.009518273752508688,0.6922068603787855,0.7017251341312942,1
9,2.0,1,0,-0.046217736590163816,0.6922068603787855,0.6459891237886217,1
9,2.0,2,0,-0.0476432626839306,0.6922068603787855,0.6445635976948549,1
9,2.0,3,0,-0.01804103442386573,0.6922068603787855,0.6741658259549198,1
9,2.0,4,0,-0.046789096664587526,0.6922068603787855,0.645417763714198,1
9,2.0,5,0,-0.027399775983265595,0.6922068603787855,0.6648070843955199,1
9,2.0,6,0,0.011407011341552198,0.6922068603787855,0.7036138717203377,1
9,2.0,7,0,-0.007504013837686174,0.6922068603787855,0.6847028465410994,1
9,2.0,8,0,-0.019084580228176273,0.6922068603787855,0.6731222801506093,1
9,2.0,9,0,0.0688907153650925,0.6922068603787855,0.761097575743878,1
9,2.5,0,0,0.015433037086354351,0.6922068603787855,0.7076398974651399,1
9,2.5,1,0,-0.016398943501577112,0.6922068603787855,0.6758079168772084,1
9,2.5,2,0,-0.028772657581251693,0.6922068603787855,0.6634342027975338,1
9,2.5,3,0,0.02498119374937169,0.6922068603787855,0.7171880541281572,1
9,2.5,4,0,-0.020504947176660293,0.6922068603787855,0.6717019132021252,1
9,2.5,5,0,0.004972722104564453,0.6922068603787855,0.69717958248335,1
9,2.5,6,0,0.014707671826397428,0.6922068603787855,0.706914532205183,1
9,2.5,7,0,-0.022912396055775663,0.6922068603787855,0.6692944643230099,1
9,2.5,8,0,-0.035444322893483204,0.6922068603787855,0.6567625374853023,1
9,2.5,9,0,-0.029425257153920636,0.6922068603787855,0.6627816032248649,1
10,0.0,0,1,1.1899003711619613,0.7303455475026907,1.9202459186646519,0
10,0.0,1,1,1.1899003711579357,0.7303455475026907,1.9202459186606264,0
10,0.0,2,1,1.1899003711307454,0.7303455475026907,1.9202459186334362,0
10,0.0,3,1,1.1899003711779783,0.7303455475026907,1.9202459186806689,0
10,0.0,4,1,1.1899003711391094,0.7303455475026907,1.9202459186418,0
10,0.0,5,1,1.1899003711495166,0.7303455475026907,1.9202459186522074,0
10,0.0,6,1,1.1899003711539975,0.7303455475026907,1.9202459186566883,0
10,0.0,7,1,1.1899003711685432,0.7303455475026907,1.9202459186712337,0
10,0.0,8,1,1.189900371142055,0.7303455475026907,1.9202459186447456,0
10,0.0,9,1,1.1899003711608542,0.7303455475026907,1.9202459186635448,0
10,0.25,0,1,1.1971614828810924,0.7303455475026907,1.927507030383783,0
10,0.25,1,0,0.7103425751962492,0.7303455475026907,1.4406881226989399,1
10,0.25,2,0,-0.02092317068782812,0.7303455475026907,0.7094223768148625,1
10,0.25,3,0,-0.01697728406414889,0.7303455475026907,0.7133682634385418,1
10,0.25,4,0,-0.02053288427157829,0.7303455475026907,0.7098126632311124,1
10,0.25,5,0,-0.026491238161235775,0.7303455475026907,0.7038543093414549,1
10,0.25,6,0,-0.027635559640370455,0.7303455475026907,0.7027099878623202,1
10,0.25,7,0,-0.024091100947243094,0.7303455475026907,0.7062544465554476,1
10,0.25,8,0,-0.027387220635168186,0.7303455475026907,0.7029583268675225,1
10,0.25,9,0,-0.026270124945841244,0.7303455475026907,0.7040754225568494,1
10,0.5,0,0,-0.024347187246220425,0.7303455475026907,0.7059983602564702,1
10,0.5,1,0,-0.01658530207577602,0.7303455475026907,0.7137602454269146,1
10,0.5,2,0,-0.021044002418659336,0.7303455475026907,0.7093015450840313,1
10,0.5,3,0,-0.020791678458686125,0.7303455475026907,0.7095538690440045,1
10,0.5,4,0,-0.010520527672259528,0.7303455475026907,0.7198250198304311,1
10,0.5,5,0,-0.020980696733822524,0.7303455475026907,0.7093648507688681,1
10,0.5,6,0,-0.02573875351292154,0.7303455475026907,0.7046067939897691,1
10,0.5,7,0,-0.023560905361043383,0.7303455475026907,0.7067846421416473,1
10,0.5,8,0,-0.011942140420493907,0.7303455475026907,0.7184034070821967,1
10,0.5,9,0,-0.018296860785111835,0.7303455475026907,0.7120486867175788,1
10,0.8,0,0,-0.021022770102039123,0.7303455475026907,0.7093227774006515,1
10,0.8,1,0,-0.04586001206210921,0.7303455475026907,0.6844855354405814,1
10,0.8,2,0,0.0017822274979353292,0.7303455475026907,0.732127775000626,1
10,0.8,3,0,-0.03180825237071239,0.7303455475026907,0.6985372951319783,1
10,0.8,4,0,-0.031049734089308112,0.7303455475026907,0.6992958134133825,1
10,0.8,5,0,-0.006521153830564064,0.7303455475026907,0.7238243936721266,1
10,0.8,6,0,-0.016307985146928994,0.7303455475026907,0.7140375623557617,1
10,0.8,7,0,0.0001459278339978054,0.7303455475026907,0.7304914753366885,1
10,0.8,8,0,-0.017851536714077465,0.7303455475026907,0.7124940107886132,1
10,0.8,9,0,-0.012008314598783265,0.7303455475026907,0.7183372329039074,1
10,1.1,0,0,-0.028747377226045367,0.7303455475026907,0.7015981702766453,1
10,1.1,1,0,-0.0005430933770265156,0.7303455475026907,0.7298024541256641,1
10,1.1,2,0,-0.0231227290624898,0.7303455475026907,0.7072228184402009,1
10,1.1,3,0,-0.02106267803211359,0.7303455475026907,0.7092828694705771,1
10,1.1,4,0,-0.025724065878955038,0.7303455475026907,0.7046214816237356,1
10,1.1,5,0,-0.011844403197649234,0.7303455475026907,0.7185011443050414,1
10,1.1,6,0,-0.03263732847622014,0.7303455475026907,0.6977082190264705,1
10,1.1,7,0,-0.0543827278826583,0.7303455475026907,0.6759628196200324,1
10,1.1,8,0,-0.00936149972963718,0.7303455475026907,0.7209840477730535,1
10,1.1,9,0,0.01934667620776509,0.7303455475026907,0.7496922237104557,1
10,1.5,0,0,0.008990298170312938,0.7303455475026907,0.7393358456730036,1
10,1.5,1,0,-0.04451406771501565,0.7303455475026907,0.685831479787675,1
10,1.5,2,0,-0.02757367424477941,0.7303455475026907,0.7027718732579112,1
10,1.5,3,0,-0.009334128799004637,0.7303455475026907,0.721011418703686,1
10,1.5,4,0,-0.014574288883961617,0.7303455475026907,0.715771258618729,1
10,1.5,5,0,-0.03561707464430608,0.7303455475026907,0.6947284728583846,1
10,1.5,6,0,-0.0033325223917609614,0.7303455475026907,0.7270130251109297,1
10,1.5,7,0,-0.02650031449803303,0.7303455475026907,0.7038452330046576,1
10,1.5,8,0,-0.025132557385069365,0.7303455475026907,0.7052129901176213,1
10,1.5,9,0,0.0300612058805394,0.7303455475026907,0.76040675338323,1
10,2.0,0,0,-0.03954795084063567,0.7303455475026907,0.690797596662055,1
10,2.0,1,0,0.022982393928870803,0.7303455475026907,0.7533279414315615,1
10,2.0,2,0,0.01379778597380843,0.7303455475026907,0.7441433334764991,1
10,2.0,3,0,-0.022971898053743223,0.7303455475026907,0.7073736494489474,1
10,2.0,4,0,-0.010851487159784123,0.7303455475026907,0.7194940603429065,1
10,2.0,5,0,0.013592426399385737,0.7303455475026907,0.7439379739020764,1
10,2.0,6,0,-0.04662163675038744,0.7303455475026907,0.6837239107523032,1
10,2.0,7,0,-0.0031042996856655014,0.7303455475026907,0.7272412478170251,1
10,2.0,8,0,-0.04973237271765829,0.7303455475026907,0.6806131747850324,1
10,2.0,9,0,-0.02432125353186898,0.7303455475026907,0.7060242939708217,1
10,2.5,0,0,0.014847529899749357,0.7303455475026907,0.74519307740244,1
10,2.5,1,0,-0.040808969069640155,0.7303455475026907,0.6895365784330505,1
10,2.5,2,0,-0.0712819542923202,0.7303455475026907,0.6590635932103704,1
10,2.5,3,0,-0.044475042913862506,0.7303455475026907,0.6858705045888281,1
10,2.5,4,0,0.017945788439925225,0.7303455475026907,0.7482913359426159,1
10,2.5,5,0,-0.04624526961614306,0.7303455475026907,0.6841002778865476,1
10,2.5,6,0,-0.028685636127870673,0.7303455475026907,0.70165991137482,1
10,2.5,7,0,-0.028039901908186504,0.7303455475026907,0.7023056455945041,1
10,2.5,8,0,-0.039944389036717376,0.7303455475026907,0.6904011584659733,1
10,2.5,9,0,-0.06335702674197463,0.7303455475026907,0.666988520760716,1
11,0.0,0,1,1.3548048574873932,0.5649248867880742,1.9197297442754673,0
11,0.0,1,1,1.3548048574803793,0.5649248867880742,1.9197297442684536,0
11,0.0,2,1,1.3548048574780216,0.5649248867880742,1.9197297442660957,0
11,0.0,3,1,1.3548048574859175,0.5649248867880742,1.9197297442739916,0
11,0.0,4,1,1.354804857481271,0.5649248867880742,1.9197297442693453,0
11,0.0,5,1,1.354804857496617,0.5649248867880742,1.9197297442846912,0
11,0.0,6,1,1.3548048574908482,0.5649248867880742,1.9197297442789223,0
11,0.0,7,1,1.3548048574878147,0.5649248867880742,1.919729744275889,0
11,0.0,8,1,1.354804857486413,0.5649248867880742,1.9197297442744874,0
11,0.0,9,1,1.3548048574913665,0.5649248867880742,1.9197297442794408,0
11,0.25,0,1,1.206271227371753,0.5649248867880742,1.7711961141598271,0
11,0.25,1,0,0.546148309146225,0.5649248867880742,1.1110731959342992,1
11,0.25,2,0,-0.020167153550132766,0.5649248867880742,0.5447577332379414,1
11,0.25,3,0,-0.022815553787070564,0.5649248867880742,0.5421093330010036,1
11,0.25,4,0,-0.023014165096927885,0.5649248867880742,0.5419107216911463,1
11,0.25,5,0,-0.022988046247552796,0.5649248867880742,0.5419368405405214,1
11,0.25,6,0,-0.019922717830686,0.5649248867880742,0.5450021689573882,1
11,0.25,7,0,-0.022244886722046275,0.5649248867880742,0.5426800000660279,1
11,0.25,8,0,-0.014464085276573613,0.5649248867880742,0.5504608015115006,1
11,0.25,9,0,-0.021857328363368955,0.5649248867880742,0.5430675584247052,1
11,0.5,0,0,-0.01672708118928512,0.5649248867880742,0.5481978055987891,1
11,0.5,1,0,-0.017533627185020495,0.5649248867880742,0.5473912596030537,1
11,0.5,2,0,-0.015153401022661939,0.5649248867880742,0.5497714857654122,1
11,0.5,3,0,-0.009773642976613983,0.5649248867880742,0.5551512438114602,1
11,0.5,4,0,-0.017841266692014024,0.5649248867880742,0.5470836200960602,1
11,0.5,5,0,-0.018495744342360343,0.5649248867880742,0.5464291424457138,1
11,0.5,6,0,-0.02261388008225751,0.5649248867880742,0.5423110067058167,1
11,0.5,7,0,-0.029735612663186584,0.5649248867880742,0.5351892741248876,1
11,0.5,8,0,-0.016063742345537202,0.5649248867880742,0.548861144442537,1
11,0.5,9,0,-0.017429721816808796,0.5649248867880742,0.5474951649712654,1
11,0.8,0,0,-0.03009397333899433,0.5649248867880742,0.5348309134490798,1
11,0.8,1,0,-0.022286820892727155,0.5649248867880742,0.542638065895347,1
11,0.8,2,0,-0.0022342155941161845,0.5649248867880742,0.562690671193958,1
11,0.8,3,0,-0.008085308423307902,0.5649248867880742,0.5568395783647663,1
11,0.8,4,0,-0.01641751131610414,0.5649248867880742,0.54850737547197,1
11,0.8,5,0,-0.027994485567355065,0.5649248867880742,0.5369304012207191,1
11,0.8,6,0,-0.036112211330049604,0.5649248867880742,0.5288126754580246,1
11,0.8,7,0,-0.03110118317163113,0.5649248867880742,0.533823703616443,1
11,0.8,8,0,-0.01426176124929257,0.5649248867880742,0.5506631255387816,1
11,0.8,9,0,-0.007427511030547174,0.5649248867880742,0.557497375757527,1
11,1.1,0,0,-0.01845295219541432,0.5649248867880742,0.5464719345926599,1
11,1.1,1,0,-0.01501954974406583,0.5649248867880742,0.5499053370440083,1
11,1.1,2,0,-0.01666928502040821,0.5649248867880742,0.548255601767666,1
11,1.1,3,0,-0.013775123841094139,0.5649248867880742,0.55114976294698,1
11,1.1,4,0,-0.022951373411525533,0.5649248867880742,0.5419735133765486,1
11,1.1,5,0,0.003918047848263773,0.5649248867880742,0.568842934636338,1
11,1.1,6,0,-0.02471246225744339,0.5649248867880742,0.5402124245306308,1
11,1.1,7,0,-0.02457336796502063,0.5649248867880742,0.5403515188230535,1
11,1.1,8,0,0.03834439489578467,0.5649248867880742,0.6032692816838588,1
11,1.1,9,0,-0.00031900182514477127,0.5649248867880742,0.5646058849629294,1
11,1.5,0,0,0.02514021385060561,0.5649248867880742,0.5900651006386798,1
11,1.5,1,0,-0.034592752294509976,0.5649248867880742,0.5303321344935642,1
11,1.5,2,0,0.01619082277390449,0.5649248867880742,0.5811157095619787,1
11,1.5,3,0,0.007923837428966962,0.5649248867880742,0.5728487242170411,1
11,1.5,4,0,-0.03286719496825108,0.5649248867880742,0.5320576918198231,1
11,1.5,5,0,-0.012481563055936507,0.5649248867880742,0.5524433237321377,1
11,1.5,6,0,-0.036478453271972855,0.5649248867880742,0.5284464335161013,1
11,1.5,7,0,0.0025305951051434183,0.5649248867880742,0.5674554818932176,1
11,1.5,8,0,-0.014654608017258597,0.5649248867880742,0.5502702787708156,1
11,1.5,9,0,0.0003895443938376486,0.5649248867880742,0.5653144311819118,1
11,2.0,0,0,-0.00811536493903986,0.5649248867880742,0.5568095218490343,1
11,2.0,1,0,-0.014034110889370233,0.5649248867880742,0.5508907758987039,1
11,2.0,2,0,-0.038792618893228714,0.5649248867880742,0.5261322678948455,1
11,2.0,3,0,0.011623327284151053,0.5649248867880742,0.5765482140722252,1
11,2.0,4,0,0.016627375796198662,0.5649248867880742,0.5815522625842728,1
11,2.0,5,0,-0.0021421238165816314,0.5649248867880742,0.5627827629714925,1
11,2.0,6,0,0.01752701760267772,0.5649248867880742,0.5824519043907519,1
11,2.0,7,0,0.016057172580233425,0.5649248867880742,0.5809820593683076,1
11,2.0,8,0,-0.0005606582451417319,0.5649248867880742,0.5643642285429324,1
11,2.0,9,0,-0.04520497437244386,0.5649248867880742,0.5197199124156303,1
11,2.5,0,0,-0.0029112182160512257,0.5649248867880742,0.562013668572023,1
11,2.5,1,0,-0.01776622953563356,0.5649248867880742,0.5471586572524406,1
11,2.5,2,0,-0.05682453275868071,0.5649248867880742,0.5081003540293935,1
11,2.5,3,0,-0.022700009688990885,0.5649248867880742,0.5422248770990833,1
11,2.5,4,0,0.06460983446082835,0.5649248867880742,0.6295347212489025,1
11,2.5,5,0,-0.027800621761970734,0.5649248867880742,0.5371242650261034,1
11,2.5,6,0,-0.020365566572203675,0.5649248867880742,0.5445593202158705,1
11,2.5,7,0,-0.05935784254446186,0.5649248867880742,0.5055670442436123,1
11,2.5,8,0,-0.01952605648592365,0.5649248867880742,0.5453988303021505,1
11,2.5,9,0,0.002387243746490464,0.5649248867880742,0.5673121305345646,1
