seed,radius,trial,success,progress,start_x,end_x
0,0.0,0,1,0.30390216592636343,-0.09985916768695605,0.20404299823940739
0,0.0,1,1,0.30390216592636343,-0.09985916768695605,0.20404299823940739
0,0.0,2,1,0.30390216592636343,-0.09985916768695605,0.20404299823940739
0,0.0,3,1,0.30390216592636343,-0.09985916768695605,0.20404299823940739
0,0.0,4,1,0.30390216592636343,-0.09985916768695605,0.20404299823940739
0,0.0,5,1,0.30390216592636343,-0.09985916768695605,0.20404299823940739
0,0.0,6,1,0.30390216592636343,-0.09985916768695605,0.20404299823940739
0,0.0,7,1,0.16641210672558598,-0.09985916768695605,0.06655293903862994
0,0.0,8,0,0.007511141458184295,-0.09985916768695605,-0.09234802622877175
0,0.0,9,0,0.007511141458184295,-0.09985916768695605,-0.09234802622877175
0,0.25,0,0,0.00736747302975975,-0.09985916768695605,-0.0924916946571963
0,0.25,1,0,0.006940436797049296,-0.09985916768695605,-0.09291873088990675
0,0.25,2,0,0.009530963241890261,-0.09985916768695605,-0.09032820444506579
0,0.25,3,0,0.007173709819206758,-0.09985916768695605,-0.09268545786774929
0,0.25,4,0,0.005733888266125864,-0.09985916768695605,-0.09412527942083018
0,0.25,5,0,0.009867009681138156,-0.09985916768695605,-0.08999215800581789
0,0.25,6,0,0.004177579861404726,-0.09985916768695605,-0.09568158782555132
0,0.25,7,0,0.009106772712348707,-0.09985916768695605,-0.09075239497460734
0,0.25,8,0,0.007563631448707364,-0.09985916768695605,-0.09229553623824868
0,0.25,9,0,0.005858728888424508,-0.09985916768695605,-0.09400043879853154
0,0.5,0,0,0.007263791352452809,-0.09985916768695605,-0.09259537633450324
0,0.5,1,0,0.006370556646896217,-0.09985916768695605,-0.09348861104005983
0,0.5,2,0,0.01154061512442646,-0.09985916768695605,-0.08831855256252959
0,0.5,3,0,0.006846860771314592,-0.09985916768695605,-0.09301230691564145
0,0.5,4,0,0.00401419745798022,-0.09985916768695605,-0.09584497022897583
0,0.5,5,0,0.012225132282377316,-0.09985916768695605,-0.08763403540457873
0,0.5,6,0,0.000853833836241491,-0.09985916768695605,-0.09900533385071456
0,0.5,7,0,0.01074216843981464,-0.09985916768695605,-0.0891169992471414
0,0.5,8,0,0.007613585378234575,-0.09985916768695605,-0.09224558230872147
0,0.5,9,0,0.0041943493918358,-0.09985916768695605,-0.09566481829512025
0,0.75,0,0,0.007211602504449646,-0.09985916768695605,-0.0926475651825064
0,0.75,1,0,0.005787627611190546,-0.09985916768695605,-0.0940715400757655
0,0.75,2,0,0.013537270077293023,-0.09985916768695605,-0.08632189760966302
0,0.75,3,0,0.006790775308222072,-0.09985916768695605,-0.09306839237873397
0,0.75,4,0,0.0022890299043063084,-0.09985916768695605,-0.09757013778264974
0,0.75,5,0,0.01458029565506444,-0.09985916768695605,-0.0852788720318916
0,0.75,6,0,-0.0024228126895287777,-0.09985916768695605,-0.10228198037648482
0,0.75,7,0,0.012411525869923432,-0.09985916768695605,-0.08744764181703261
0,0.75,8,0,0.007667005698674359,-0.09985916768695605,-0.09219216198828169
0,0.75,9,0,0.0025377650430259413,-0.09985916768695605,-0.0973214026439301
0,1.0,0,0,0.007217270878679849,-0.09985916768695605,-0.0926418968082762
0,1.0,1,0,0.005170230580540738,-0.09985916768695605,-0.09468893710641531
0,1.0,2,0,0.015518877212418236,-0.09985916768695605,-0.08434029047453781
0,1.0,3,0,0.011153512407697366,-0.09985916768695605,-0.08870565527925868
0,1.0,4,0,0.000539376270608849,-0.09985916768695605,-0.0993197914163472
0,1.0,5,0,0.01693119748625338,-0.09985916768695605,-0.08292797020070267
0,1.0,6,0,-0.005638273737459898,-0.09985916768695605,-0.10549744142441594
0,1.0,7,0,0.014112542170738276,-0.09985916768695605,-0.08574662551621777
0,1.0,8,0,0.00773107013986514,-0.09985916768695605,-0.0921280975470909
0,1.0,9,0,0.004703501697518611,-0.09985916768695605,-0.09515566598943744
0,1.25,0,0,0.007276085575432745,-0.09985916768695605,-0.0925830821115233
0,1.25,1,0,0.004526293708032272,-0.09985916768695605,-0.09533287397892377
0,1.25,2,0,0.017484000355020526,-0.09985916768695605,-0.08237516733193552
0,1.25,3,0,0.01678561732077427,-0.09985916768695605,-0.08307355036618178
0,1.25,4,0,-0.0012337086904411626,-0.09985916768695605,-0.10109287637739721
0,1.25,5,0,0.019276773333034583,-0.09985916768695605,-0.08058239435392146
0,1.25,6,0,-0.008761949063359281,-0.09985916768695605,-0.10862111675031533
0,1.25,7,0,0.01583992649131688,-0.09985916768695605,-0.08401924119563917
0,1.25,8,0,0.007814320761555402,-0.09985916768695605,-0.09204484692540064
0,1.25,9,0,0.008675515025716382,-0.09985916768695605,-0.09118365266123966
0,1.5,0,0,0.00734290140805012,-0.09985916768695605,-0.09251626627890593
0,1.5,1,0,0.003870600526035106,-0.09985916768695605,-0.09598856716092094
0,1.5,2,0,0.0204280069902045,-0.09985916768695605,-0.07943116069675155
0,1.5,3,0,0.022931096025001707,-0.09985916768695605,-0.07692807166195434
0,1.5,4,0,-0.003028718973262609,-0.09985916768695605,-0.10288788666021866
0,1.5,5,0,0.021616486324464404,-0.09985916768695605,-0.07824268136249164
0,1.5,6,0,-0.011763452718283454,-0.09985916768695605,-0.1116226204052395
0,1.5,7,0,0.01756498132339296,-0.09985916768695605,-0.08229418636356309
0,1.5,8,0,0.007907135847019034,-0.09985916768695605,-0.09195203183993701
0,1.5,9,0,0.013240206797009005,-0.09985916768695605,-0.08661896088994704
0,2.0,0,0,0.007444386318372201,-0.09985916768695605,-0.09241478136858385
0,2.0,1,0,0.0025431601162762274,-0.09985916768695605,-0.09731600757067982
0,2.0,2,0,0.029288157979129925,-0.09985916768695605,-0.07057100970782612
0,2.0,3,0,0.03587838772889208,-0.09985916768695605,-0.06398077995806396
0,2.0,4,0,-0.006685297772707863,-0.09985916768695605,-0.10654446545966391
0,2.0,5,0,0.02627321630459649,-0.09985916768695605,-0.07358595138235956
0,2.0,6,0,-0.01739118407561728,-0.09985916768695605,-0.11725035176257333
0,2.0,7,0,0.020958422809494545,-0.09985916768695605,-0.0789007448774615
0,2.0,8,0,0.007995633600647742,-0.09985916768695605,-0.0918635340863083
0,2.0,9,0,0.023004798914805377,-0.09985916768695605,-0.07685436877215067
1,0.0,0,1,0.26257757612543675,-0.19936065713844126,0.0632169189869955
1,0.0,1,1,0.26257757612543675,-0.19936065713844126,0.0632169189869955
1,0.0,2,1,0.26257757612543675,-0.19936065713844126,0.0632169189869955
1,0.0,3,1,0.26257757612543675,-0.19936065713844126,0.0632169189869955
1,0.0,4,1,0.26257757612543675,-0.19936065713844126,0.0632169189869955
1,0.0,5,1,0.26257757612543675,-0.19936065713844126,0.0632169189869955
1,0.0,6,1,0.26257757612543675,-0.19936065713844126,0.0632169189869955
1,0.0,7,0,0.13853091635263626,-0.19936065713844126,-0.060829740785805005
1,0.0,8,0,0.020348142906143868,-0.19936065713844126,-0.1790125142322974
1,0.0,9,0,0.020348142906143868,-0.19936065713844126,-0.1790125142322974
1,0.25,0,0,0.021517547042467167,-0.19936065713844126,-0.1778431100959741
1,0.25,1,0,0.02125969749298448,-0.19936065713844126,-0.17810095964545677
1,0.25,2,0,0.01859539179284117,-0.19936065713844126,-0.18076526534560008
1,0.25,3,0,0.01980698933471753,-0.19936065713844126,-0.17955366780372373
1,0.25,4,0,0.0223306494114337,-0.19936065713844126,-0.17703000772700755
1,0.25,5,0,0.01937173827551497,-0.19936065713844126,-0.17998891886292628
1,0.25,6,0,0.021669086879346072,-0.19936065713844126,-0.17769157025909518
1,0.25,7,0,0.022773186253513517,-0.19936065713844126,-0.17658747088492774
1,0.25,8,0,0.018415265128996078,-0.19936065713844126,-0.18094539200944518
1,0.25,9,0,0.020595055227996595,-0.19936065713844126,-0.17876560191044466
1,0.5,0,0,0.0226874192165471,-0.19936065713844126,-0.17667323792189416
1,0.5,1,0,0.022162827610291397,-0.19936065713844126,-0.17719782952814986
1,0.5,2,0,0.016842194416565814,-0.19936065713844126,-0.18251846272187544
1,0.5,3,0,0.019288392491718404,-0.19936065713844126,-0.18007226464672285
1,0.5,4,0,0.024302589933818508,-0.19936065713844126,-0.17505806720462275
1,0.5,5,0,0.018386528797656843,-0.19936065713844126,-0.1809741283407844
1,0.5,6,0,0.02299809393270738,-0.19936065713844126,-0.17636256320573387
1,0.5,7,0,0.02518214738805305,-0.19936065713844126,-0.1741785097503882
1,0.5,8,0,0.016522135451203845,-0.19936065713844126,-0.1828385216872374
1,0.5,9,0,0.020854223292450735,-0.19936065713844126,-0.17850643384599052
1,0.75,0,0,0.02385732344400182,-0.19936065713844126,-0.17550333369443943
1,0.75,1,0,0.02306185580156553,-0.19936065713844126,-0.17629880133687573
1,0.75,2,0,0.01508885647819247,-0.19936065713844126,-0.18427180066024879
1,0.75,3,0,0.01880107529237604,-0.19936065713844126,-0.18055958184606521
1,0.75,4,0,0.026266530506801805,-0.19936065713844126,-0.17309412663163945
1,0.75,5,0,0.017400887113726587,-0.19936065713844126,-0.18195977002471467
1,0.75,6,0,0.024334569225915148,-0.19936065713844126,-0.1750260879125261
1,0.75,7,0,0.027581916893603675,-0.19936065713844126,-0.17177874024483758
1,0.75,8,0,0.014679383364504639,-0.19936065713844126,-0.18468127377393662
1,0.75,9,0,0.021137986583549873,-0.19936065713844126,-0.17822267055489138
1,1.0,0,0,0.025026461462504257,-0.19936065713844126,-0.174334195675937
1,1.0,1,0,0.023961565346500235,-0.19936065713844126,-0.17539909179194102
1,1.0,2,0,0.013335650159055162,-0.19936065713844126,-0.1860250069793861
1,1.0,3,0,0.018348141316904376,-0.19936065713844126,-0.18101251582153688
1,1.0,4,0,0.02822501846813366,-0.19936065713844126,-0.1711356386703076
1,1.0,5,0,0.016416334975081326,-0.19936065713844126,-0.18294432216335993
1,1.0,6,0,0.025677839460501145,-0.19936065713844126,-0.1736828176779401
1,1.0,7,0,0.029979833848389453,-0.19936065713844126,-0.1693808232900518
1,1.0,8,0,0.012887432445142233,-0.19936065713844126,-0.18647322469329902
1,1.0,9,0,0.021452102835524955,-0.19936065713844126,-0.1779085543029163
1,1.25,0,0,0.026193759875586198,-0.19936065713844126,-0.17316689726285506
1,1.25,1,0,0.024867209442661797,-0.19936065713844126,-0.17449344769577946
1,1.25,2,0,0.011582815885266773,-0.19936065713844126,-0.18777784125317448
1,1.25,3,0,0.01793108729816703,-0.19936065713844126,-0.18142956984027422
1,1.25,4,0,0.03018044094341854,-0.19936065713844126,-0.16918021619502271
1,1.25,5,0,0.015434450286882256,-0.19936065713844126,-0.183926206851559
1,1.25,6,0,0.027027102535049113,-0.19936065713844126,-0.17233355460339214
1,1.25,7,0,0.032383416023323564,-0.19936065713844126,-0.1669772411151177
1,1.25,8,0,0.011125372707225384,-0.19936065713844126,-0.18823528443121587
1,1.25,9,0,0.021802850891835146,-0.19936065713844126,-0.1775578062466061
1,1.5,0,0,0.027357950691968613,-0.19936065713844126,-0.17200270644647264
1,1.5,1,0,0.025783651704805483,-0.19936065713844126,-0.17357700543363577
1,1.5,2,0,0.009830566084817832,-0.19936065713844126,-0.18953009105362342
1,1.5,3,0,0.017550318134836485,-0.19936065713844126,-0.18181033900360477
1,1.5,4,0,0.0321348993067799,-0.19936065713844126,-0.16722575783166135
1,1.5,5,0,0.016886821305226507,-0.19936065713844126,-0.18247383583321475
1,1.5,6,0,0.02838127838743079,-0.19936065713844126,-0.17097937875101046
1,1.5,7,0,0.034799781701505716,-0.19936065713844126,-0.16456087543693554
1,1.5,8,0,0.009789377715179876,-0.19936065713844126,-0.18957127942326138
1,1.5,9,0,0.022195910399527424,-0.19936065713844126,-0.17716474673891383
1,2.0,0,0,0.02967044139935232,-0.19936065713844126,-0.16969021573908893
1,2.0,1,0,0.027665618552263377,-0.19936065713844126,-0.17169503858617788
1,2.0,2,0,0.006328571400704697,-0.19936065713844126,-0.19303208573773656
1,2.0,3,0,0.016819002223562446,-0.19936065713844126,-0.1825416549148788
1,2.0,4,0,0.03604728002457458,-0.19936065713844126,-0.16331337711386668
1,2.0,5,0,0.02843601448940139,-0.19936065713844126,-0.17092464264903987
1,2.0,6,0,0.035299690019301416,-0.19936065713844126,-0.16406096711913984
1,2.0,7,0,0.03969406397816591,-0.19936065713844126,-0.15966659316027534
1,2.0,8,0,0.018468775958238953,-0.19936065713844126,-0.1808918811802023
1,2.0,9,0,0.022951987003425295,-0.19936065713844126,-0.17640867013501596
2,0.0,0,1,0.265314244364777,-0.25244224223296957,0.012872002131807428
2,0.0,1,1,0.265314244364777,-0.25244224223296957,0.012872002131807428
2,0.0,2,1,0.265314244364777,-0.25244224223296957,0.012872002131807428
2,0.0,3,1,0.265314244364777,-0.25244224223296957,0.012872002131807428
2,0.0,4,1,0.265314244364777,-0.25244224223296957,0.012872002131807428
2,0.0,5,1,0.265314244364777,-0.25244224223296957,0.012872002131807428
2,0.0,6,1,0.265314244364777,-0.25244224223296957,0.012872002131807428
2,0.0,7,1,0.15576883048345608,-0.25244224223296957,-0.0966734117495135
2,0.0,8,0,0.012725374301398307,-0.25244224223296957,-0.23971686793157126
2,0.0,9,0,0.012725374301398307,-0.25244224223296957,-0.23971686793157126
2,0.25,0,0,0.01631908802526233,-0.25244224223296957,-0.23612315420770724
2,0.25,1,0,0.0140061397457861,-0.25244224223296957,-0.23843610248718347
2,0.25,2,0,0.012609401141737225,-0.25244224223296957,-0.23983284109123235
2,0.25,3,0,0.01415194552653723,-0.25244224223296957,-0.23829029670643234
2,0.25,4,0,0.013334799342253761,-0.25244224223296957,-0.2391074428907158
2,0.25,5,0,0.01174144953291914,-0.25244224223296957,-0.24070079270005043
2,0.25,6,0,0.014191484080631256,-0.25244224223296957,-0.23825075815233832
2,0.25,7,0,0.013453255684136467,-0.25244224223296957,-0.2389889865488331
2,0.25,8,0,0.014571061873990154,-0.25244224223296957,-0.23787118035897942
2,0.25,9,0,0.011569125318828422,-0.25244224223296957,-0.24087311691414115
2,0.5,0,0,0.01988830925096774,-0.25244224223296957,-0.23255393298200183
2,0.5,1,0,0.015264182149776484,-0.25244224223296957,-0.2371780600831931
2,0.5,2,0,0.01249224186967704,-0.25244224223296957,-0.23995000036329253
2,0.5,3,0,0.015621142189897769,-0.25244224223296957,-0.2368211000430718
2,0.5,4,0,0.013969409111185854,-0.25244224223296957,-0.23847283312178372
2,0.5,5,0,0.010774236784620472,-0.25244224223296957,-0.2416680054483491
2,0.5,6,0,0.01564288708588013,-0.25244224223296957,-0.23679935514708944
2,0.5,7,0,0.01415913284482595,-0.25244224223296957,-0.23828310938814362
2,0.5,8,0,0.01640286502029842,-0.25244224223296957,-0.23603937721267115
2,0.5,9,0,0.010403932318898357,-0.25244224223296957,-0.24203830991407121
2,0.75,0,0,0.023461318708855178,-0.25244224223296957,-0.2289809235241144
2,0.75,1,0,0.016505713746591683,-0.25244224223296957,-0.2359365284863779
2,0.75,2,0,0.012372933550822557,-0.25244224223296957,-0.24006930868214701
2,0.75,3,0,0.0171386288351425,-0.25244224223296957,-0.23530361339782707
2,0.75,4,0,0.014621475161222919,-0.25244224223296957,-0.23782076707174665
2,0.75,5,0,0.009817325287557799,-0.25244224223296957,-0.24262491694541177
2,0.75,6,0,0.017081275283470365,-0.25244224223296957,-0.2353609669494992
2,0.75,7,0,0.014845078810055257,-0.25244224223296957,-0.23759716342291431
2,0.75,8,0,0.018220216742797002,-0.25244224223296957,-0.23422202549017257
2,0.75,9,0,0.009231610488536046,-0.25244224223296957,-0.24321063174443353
2,1.0,0,0,0.027064940240207613,-0.25244224223296957,-0.22537730199276196
2,1.0,1,0,0.017740168139989132,-0.25244224223296957,-0.23470207409298044
2,1.0,2,0,0.012251088641010072,-0.25244224223296957,-0.2401911535919595
2,1.0,3,0,0.01871080227112537,-0.25244224223296957,-0.2337314399618442
2,1.0,4,0,0.015269225824915189,-0.25244224223296957,-0.23717301640805438
2,1.0,5,0,0.008857287872141767,-0.25244224223296957,-0.2435849543608278
2,1.0,6,0,0.018508690343734535,-0.25244224223296957,-0.23393355188923504
2,1.0,7,0,0.015513423727222447,-0.25244224223296957,-0.23692881850574712
2,1.0,8,0,0.020022407681493354,-0.25244224223296957,-0.23241983455147622
2,1.0,9,0,0.00805312042146894,-0.25244224223296957,-0.24438912181150063
2,1.25,0,0,0.030719235190048017,-0.25244224223296957,-0.22172300704292155
2,1.25,1,0,0.018981413791527818,-0.25244224223296957,-0.23346082844144175
2,1.25,2,0,0.012126302480566231,-0.25244224223296957,-0.24031593975240334
2,1.25,3,0,0.020317364264182597,-0.25244224223296957,-0.23212487796878697
2,1.25,4,0,0.01591219353353368,-0.25244224223296957,-0.2365300486994359
2,1.25,5,0,0.007880116055483444,-0.25244224223296957,-0.24456212617748613
2,1.25,6,0,0.019927248904428208,-0.25244224223296957,-0.23251499332854136
2,1.25,7,0,0.016167944981058863,-0.25244224223296957,-0.2362742972519107
2,1.25,8,0,0.02180705467909516,-0.25244224223296957,-0.2306351875538744
2,1.25,9,0,0.006860961563037615,-0.25244224223296957,-0.24558128066993196
2,1.5,0,0,0.03437853192120566,-0.25244224223296957,-0.21806371031176391
2,1.5,1,0,0.020231769389066234,-0.25244224223296957,-0.23221047284390334
2,1.5,2,0,0.011998353222972574,-0.25244224223296957,-0.240443889009997
2,1.5,3,0,0.021915994451798593,-0.25244224223296957,-0.23052624778117098
2,1.5,4,0,0.016552762716629782,-0.25244224223296957,-0.2358894795163398
2,1.5,5,0,0.006879202922123018,-0.25244224223296957,-0.24556303931084655
2,1.5,6,0,0.021338990953697762,-0.25244224223296957,-0.2311032512792718
2,1.5,7,0,0.01681109331685765,-0.25244224223296957,-0.23563114891611192
2,1.5,8,0,0.023664085057510498,-0.25244224223296957,-0.22877815717545907
2,1.5,9,0,0.005647613926096584,-0.25244224223296957,-0.246794628306873
2,2.0,0,0,0.04156466984466686,-0.25244224223296957,-0.2108775723883027
2,2.0,1,0,0.022580678027103285,-0.25244224223296957,-0.2298615642058663
2,2.0,2,0,0.011734175740772651,-0.25244224223296957,-0.24070806649219692
2,2.0,3,0,0.025080392786767575,-0.25244224223296957,-0.227361849446202
2,2.0,4,0,0.017837531868226203,-0.25244224223296957,-0.23460471036474337
2,2.0,5,0,0.004780022260905098,-0.25244224223296957,-0.24766221997206447
2,2.0,6,0,0.02414809896502987,-0.25244224223296957,-0.2282941432679397
2,2.0,7,0,0.018070518193360197,-0.25244224223296957,-0.23437172403960937
2,2.0,8,0,0.031439808001423486,-0.25244224223296957,-0.22100243423154609
2,2.0,9,0,0.0031581877997580166,-0.25244224223296957,-0.24928405443321155
3,0.0,0,1,0.16671486735094718,-0.31380314086128686,-0.14708827351033968
3,0.0,1,1,0.16671486735094718,-0.31380314086128686,-0.14708827351033968
3,0.0,2,1,0.16671486735094718,-0.31380314086128686,-0.14708827351033968
3,0.0,3,1,0.16671486735094718,-0.31380314086128686,-0.14708827351033968
3,0.0,4,1,0.16671486735094718,-0.31380314086128686,-0.14708827351033968
3,0.0,5,1,0.16671486735094718,-0.31380314086128686,-0.14708827351033968
3,0.0,6,1,0.16671486735094718,-0.31380314086128686,-0.14708827351033968
3,0.0,7,0,0.13412668215162293,-0.31380314086128686,-0.17967645870966392
3,0.0,8,0,0.022492440191369978,-0.31380314086128686,-0.2913107006699169
3,0.0,9,0,0.022492440191369978,-0.31380314086128686,-0.2913107006699169
3,0.25,0,0,0.02264022089226947,-0.31380314086128686,-0.2911629199690174
3,0.25,1,0,0.022629247737383285,-0.31380314086128686,-0.29117389312390357
3,0.25,2,0,0.02466428186393743,-0.31380314086128686,-0.2891388589973494
3,0.25,3,0,0.021193943062552567,-0.31380314086128686,-0.2926091977987343
3,0.25,4,0,0.024933883185914774,-0.31380314086128686,-0.2888692576753721
3,0.25,5,0,0.023300566208970253,-0.31380314086128686,-0.2905025746523166
3,0.25,6,0,0.024009856572475785,-0.31380314086128686,-0.28979328428881107
3,0.25,7,0,0.024678123212998226,-0.31380314086128686,-0.28912501764828863
3,0.25,8,0,0.021664958703835446,-0.31380314086128686,-0.2921381821574514
3,0.25,9,0,0.022637286636201515,-0.31380314086128686,-0.29116585422508534
3,0.5,0,0,0.022804914347206495,-0.31380314086128686,-0.29099822651408036
3,0.5,1,0,0.022766405329228134,-0.31380314086128686,-0.2910367355320587
3,0.5,2,0,0.026842851684363678,-0.31380314086128686,-0.2869602891769232
3,0.5,3,0,0.019950195699056483,-0.31380314086128686,-0.2938529451622304
3,0.5,4,0,0.02741871976257504,-0.31380314086128686,-0.2863844210987118
3,0.5,5,0,0.024112753050727798,-0.31380314086128686,-0.28969038781055906
3,0.5,6,0,0.025533814936746557,-0.31380314086128686,-0.2882693259245403
3,0.5,7,0,0.026832592087600027,-0.31380314086128686,-0.28697054877368683
3,0.5,8,0,0.020833468977512648,-0.31380314086128686,-0.2929696718837742
3,0.5,9,0,0.022761974714725186,-0.31380314086128686,-0.29104116614656167
3,0.75,0,0,0.022991421804468004,-0.31380314086128686,-0.29081171905681885
3,0.75,1,0,0.02290397683953793,-0.31380314086128686,-0.2908991640217489
3,0.75,2,0,0.02902681512148314,-0.31380314086128686,-0.2847763257398037
3,0.75,3,0,0.01876289345483867,-0.31380314086128686,-0.2950402474064482
3,0.75,4,0,0.029960974498155657,-0.31380314086128686,-0.2838421663631312
3,0.75,5,0,0.024934006524364838,-0.31380314086128686,-0.288869134336922
3,0.75,6,0,0.027074021500832823,-0.31380314086128686,-0.28672911936045403
3,0.75,7,0,0.028958824937850403,-0.31380314086128686,-0.28484431592343645
3,0.75,8,0,0.02000772196993006,-0.31380314086128686,-0.2937954188913568
3,0.75,9,0,0.022860353946169476,-0.31380314086128686,-0.2909427869151174
3,1.0,0,0,0.023196950482644363,-0.31380314086128686,-0.2906061903786425
3,1.0,1,0,0.023042143120634406,-0.31380314086128686,-0.29076099774065245
3,1.0,2,0,0.031214711538094353,-0.31380314086128686,-0.2825884293231925
3,1.0,3,0,0.017615643482229826,-0.31380314086128686,-0.29618749737905703
3,1.0,4,0,0.032574573434423215,-0.31380314086128686,-0.28122856742686364
3,1.0,5,0,0.025768433267684576,-0.31380314086128686,-0.2880347075936023
3,1.0,6,0,0.028641861937960755,-0.31380314086128686,-0.2851612789233261
3,1.0,7,0,0.031060496268171478,-0.31380314086128686,-0.2827426445931154
3,1.0,8,0,0.019189381190931165,-0.31380314086128686,-0.2946137596703557
3,1.0,9,0,0.022926577569269524,-0.31380314086128686,-0.29087656329201733
3,1.25,0,0,0.023419072967474197,-0.31380314086128686,-0.29038406789381266
3,1.25,1,0,0.023181198102003697,-0.31380314086128686,-0.29062194275928316
3,1.25,2,0,0.033405001481038255,-0.31380314086128686,-0.2803981393802486
3,1.25,3,0,0.016482862390069186,-0.31380314086128686,-0.29732027847121767
3,1.25,4,0,0.03527314554216737,-0.31380314086128686,-0.2785299953191195
3,1.25,5,0,0.02661916428517641,-0.31380314086128686,-0.28718397657611044
3,1.25,6,0,0.030246462436297028,-0.31380314086128686,-0.2835566784249898
3,1.25,7,0,0.033141879260585316,-0.31380314086128686,-0.28066126160070154
3,1.25,8,0,0.018380167744860787,-0.31380314086128686,-0.29542297311642607
3,1.25,9,0,0.022955502847196774,-0.31380314086128686,-0.2908476380140901
3,1.5,0,0,0.02365557700284071,-0.31380314086128686,-0.29014756385844614
3,1.5,1,0,0.02332154149137511,-0.31380314086128686,-0.29048159936991175
3,1.5,2,0,0.03559611587486278,-0.31380314086128686,-0.2782070249864241
3,1.5,3,0,0.015330769419156731,-0.31380314086128686,-0.2984723714421301
3,1.5,4,0,0.03805985195513767,-0.31380314086128686,-0.2757432889061492
3,1.5,5,0,0.027488321706052088,-0.31380314086128686,-0.28631481915523477
3,1.5,6,0,0.03189502719020104,-0.31380314086128686,-0.2819081136710858
3,1.5,7,0,0.035206864352195555,-0.31380314086128686,-0.2785962765090913
3,1.5,8,0,0.017581790292355792,-0.31380314086128686,-0.29622135056893106
3,1.5,9,0,0.02294389054681034,-0.31380314086128686,-0.2908592503144765
3,2.0,0,0,0.024158842229981492,-0.31380314086128686,-0.28964429863130536
3,2.0,1,0,0.027432608924187696,-0.31380314086128686,-0.28637053193709916
3,2.0,2,0,0.03997456941413213,-0.31380314086128686,-0.2738285714471547
3,2.0,3,0,0.012775711664575085,-0.31380314086128686,-0.30102742919671177
3,2.0,4,0,0.04374317380627557,-0.31380314086128686,-0.2700599670550113
3,2.0,5,0,0.029244172449268968,-0.31380314086128686,-0.2845589684120179
3,2.0,6,0,0.03520252815056718,-0.31380314086128686,-0.2786006127107197
3,2.0,7,0,0.03930109327260506,-0.31380314086128686,-0.2745020475886818
3,2.0,8,0,0.016022839025606417,-0.31380314086128686,-0.29778030183568044
3,2.0,9,0,0.022805732110032617,-0.31380314086128686,-0.29099740875125424
4,0.0,0,1,0.2030444227969519,-0.21149971837907725,-0.008455295582125346
4,0.0,1,1,0.2030444227969519,-0.21149971837907725,-0.008455295582125346
4,0.0,2,1,0.2030444227969519,-0.21149971837907725,-0.008455295582125346
4,0.0,3,1,0.2030444227969519,-0.21149971837907725,-0.008455295582125346
4,0.0,4,1,0.2030444227969519,-0.21149971837907725,-0.008455295582125346
4,0.0,5,1,0.2030444227969519,-0.21149971837907725,-0.008455295582125346
4,0.0,6,1,0.2030444227969519,-0.21149971837907725,-0.008455295582125346
4,0.0,7,0,0.11831677811018315,-0.21149971837907725,-0.0931829402688941
4,0.0,8,0,0.016872783643137046,-0.21149971837907725,-0.1946269347359402
4,0.0,9,0,0.016872783643137046,-0.21149971837907725,-0.1946269347359402
4,0.25,0,0,0.016454052065898644,-0.21149971837907725,-0.1950456663131786
4,0.25,1,0,0.016210666585137534,-0.21149971837907725,-0.1952890517939397
4,0.25,2,0,0.015008509815010895,-0.21149971837907725,-0.19649120856406635
4,0.25,3,0,0.014985526672989358,-0.21149971837907725,-0.1965141917060879
4,0.25,4,0,0.01766847938945862,-0.21149971837907725,-0.19383123898961863
4,0.25,5,0,0.0163789020292075,-0.21149971837907725,-0.19512081634986975
4,0.25,6,0,0.016488116101827544,-0.21149971837907725,-0.1950116022772497
4,0.25,7,0,0.016632107240894006,-0.21149971837907725,-0.19486761113818324
4,0.25,8,0,0.0193915309738181,-0.21149971837907725,-0.19210818740525915
4,0.25,9,0,0.019734037021982787,-0.21149971837907725,-0.19176568135709446
4,0.5,0,0,0.016079918679677757,-0.21149971837907725,-0.1954197996993995
4,0.5,1,0,0.015549617894018791,-0.21149971837907725,-0.19595010048505845
4,0.5,2,0,0.013169344736722127,-0.21149971837907725,-0.19833037364235512
4,0.5,3,0,0.01309317061125656,-0.21149971837907725,-0.19840654776782068
4,0.5,4,0,0.018478888924108483,-0.21149971837907725,-0.19302082945496876
4,0.5,5,0,0.01588245769590932,-0.21149971837907725,-0.19561726068316793
4,0.5,6,0,0.016099871446022374,-0.21149971837907725,-0.19539984693305487
4,0.5,7,0,0.016401061132560513,-0.21149971837907725,-0.19509865724651673
4,0.5,8,0,0.02190847234858012,-0.21149971837907725,-0.18959124603049712
4,0.5,9,0,0.02259548483517848,-0.21149971837907725,-0.18890423354389876
4,0.75,0,0,0.01572160075082027,-0.21149971837907725,-0.19577811762825698
4,0.75,1,0,0.014919786365696769,-0.21149971837907725,-0.19657993201338048
4,0.75,2,0,0.011309693996754994,-0.21149971837907725,-0.20019002438232225
4,0.75,3,0,0.011189772052246805,-0.21149971837907725,-0.20030994632683044
4,0.75,4,0,0.01930518359760161,-0.21149971837907725,-0.19219453478147563
4,0.75,5,0,0.015381955090405297,-0.21149971837907725,-0.19611776328867195
4,0.75,6,0,0.01570737612158629,-0.21149971837907725,-0.19579234225749095
4,0.75,7,0,0.01618115702198944,-0.21149971837907725,-0.1953185613570878
4,0.75,8,0,0.02442329788621994,-0.21149971837907725,-0.1870764204928573
4,0.75,9,0,0.025462369894603043,-0.21149971837907725,-0.1860373484844742
4,1.0,0,0,0.015361324153216283,-0.21149971837907725,-0.19613839422586096
4,1.0,1,0,0.014323146219047483,-0.21149971837907725,-0.19717657216002976
4,1.0,2,0,0.009429511753041048,-0.21149971837907725,-0.2020702066260362
4,1.0,3,0,0.00927002115892775,-0.21149971837907725,-0.2022296972201495
4,1.0,4,0,0.020149315224851472,-0.21149971837907725,-0.19135040315422577
4,1.0,5,0,0.01487569465551114,-0.21149971837907725,-0.1966240237235661
4,1.0,6,0,0.015310065505266784,-0.21149971837907725,-0.19618965287381046
4,1.0,7,0,0.015970139160934316,-0.21149971837907725,-0.19552957921814293
4,1.0,8,0,0.026935228874117895,-0.21149971837907725,-0.18456448950495935
4,1.0,9,0,0.028339913333096156,-0.21149971837907725,-0.1831598050459811
4,1.25,0,0,0.014999717396889656,-0.21149971837907725,-0.1965000009821876
4,1.25,1,0,0.013760282868092139,-0.21149971837907725,-0.1977394355109851
4,1.25,2,0,0.007543348292664204,-0.21149971837907725,-0.20395637008641304
4,1.25,3,0,0.007334509383629728,-0.21149971837907725,-0.20416520899544752
4,1.25,4,0,0.021007493541708305,-0.21149971837907725,-0.19049222483736894
4,1.25,5,0,0.014361852612582854,-0.21149971837907725,-0.1971378657664944
4,1.25,6,0,0.01490745595830098,-0.21149971837907725,-0.19659226242077626
4,1.25,7,0,0.015761767174334196,-0.21149971837907725,-0.19573795120474305
4,1.25,8,0,0.02944309392389402,-0.21149971837907725,-0.18205662445518322
4,1.25,9,0,0.031233244147253536,-0.21149971837907725,-0.1802664742318237
4,1.5,0,0,0.01463620611802044,-0.21149971837907725,-0.1968635122610568
4,1.5,1,0,0.013230515402835513,-0.21149971837907725,-0.19826920297624173
4,1.5,2,0,0.005666298160459826,-0.21149971837907725,-0.20583342021861742
4,1.5,3,0,0.005383161353521959,-0.21149971837907725,-0.20611655702555529
4,1.5,4,0,0.02187554231740732,-0.21149971837907725,-0.18962417606166992
4,1.5,5,0,0.013838399530028994,-0.21149971837907725,-0.19766131884904825
4,1.5,6,0,0.014499135045925121,-0.21149971837907725,-0.19700058333315212
4,1.5,7,0,0.015548459091666383,-0.21149971837907725,-0.19595125928741086
4,1.5,8,0,0.03194543167246716,-0.21149971837907725,-0.17955428670661008
4,1.5,9,0,0.034147338522412196,-0.21149971837907725,-0.17735237985666505
4,2.0,0,0,0.013894586144409332,-0.21149971837907725,-0.1976051322346679
4,2.0,1,0,0.012262148299613668,-0.21149971837907725,-0.19923757007946358
4,2.0,2,0,0.0023483742869131463,-0.21149971837907725,-0.2091513440921641
4,2.0,3,0,0.0014262090621246504,-0.21149971837907725,-0.2100735093169526
4,2.0,4,0,0.023608585044660096,-0.21149971837907725,-0.18789113333441715
4,2.0,5,0,0.014022347333247004,-0.21149971837907725,-0.19747737104583024
4,2.0,6,0,0.013664064771402917,-0.21149971837907725,-0.19783565360767433
4,2.0,7,0,0.015089483237391593,-0.21149971837907725,-0.19641023514168565
4,2.0,8,0,0.036926875695903555,-0.21149971837907725,-0.1745728426831737
4,2.0,9,0,0.04005219490855347,-0.21149971837907725,-0.17144752347052378
5,0.0,0,1,0.26748069634907856,-0.13609565236379673,0.13138504398528186
5,0.0,1,1,0.26748069634907856,-0.13609565236379673,0.13138504398528186
5,0.0,2,1,0.26748069634907856,-0.13609565236379673,0.13138504398528186
5,0.0,3,1,0.26748069634907856,-0.13609565236379673,0.13138504398528186
5,0.0,4,1,0.26748069634907856,-0.13609565236379673,0.13138504398528186
5,0.0,5,1,0.26748069634907856,-0.13609565236379673,0.13138504398528186
5,0.0,6,1,0.26748069634907856,-0.13609565236379673,0.13138504398528186
5,0.0,7,1,0.15090333895832445,-0.13609565236379673,0.01480768659452772
5,0.0,8,0,0.019309057779225522,-0.13609565236379673,-0.1167865945845712
5,0.0,9,0,0.019309057779225522,-0.13609565236379673,-0.1167865945845712
5,0.25,0,0,0.021780297333906573,-0.13609565236379673,-0.11431535502989015
5,0.25,1,0,0.019680874398491477,-0.13609565236379673,-0.11641477796530525
5,0.25,2,0,0.020290888782885333,-0.13609565236379673,-0.1158047635809114
5,0.25,3,0,0.018901085414036373,-0.13609565236379673,-0.11719456694976035
5,0.25,4,0,0.018244508904926682,-0.13609565236379673,-0.11785114345887004
5,0.25,5,0,0.016694995878358918,-0.13609565236379673,-0.11940065648543781
5,0.25,6,0,0.020366571029742625,-0.13609565236379673,-0.1157290813340541
5,0.25,7,0,0.02128034563828586,-0.13609565236379673,-0.11481530672551087
5,0.25,8,0,0.017113917717787183,-0.13609565236379673,-0.11898173464600954
5,0.25,9,0,0.02039805103606769,-0.13609565236379673,-0.11569760132772904
5,0.5,0,0,0.024232302954158763,-0.13609565236379673,-0.11186334940963796
5,0.5,1,0,0.02006624281332578,-0.13609565236379673,-0.11602940955047095
5,0.5,2,0,0.021268452254561088,-0.13609565236379673,-0.11482720010923564
5,0.5,3,0,0.018485517635789817,-0.13609565236379673,-0.11761013472800691
5,0.5,4,0,0.01717760639563662,-0.13609565236379673,-0.11891804596816011
5,0.5,5,0,0.014108867788462487,-0.13609565236379673,-0.12198678457533424
5,0.5,6,0,0.021427276796164477,-0.13609565236379673,-0.11466837556763225
5,0.5,7,0,0.02323838544308439,-0.13609565236379673,-0.11285726692071234
5,0.5,8,0,0.014930333006697244,-0.13609565236379673,-0.12116531935709948
5,0.5,9,0,0.02149748749767247,-0.13609565236379673,-0.11459816486612426
5,0.75,0,0,0.026661184223311693,-0.13609565236379673,-0.10943446814048503
5,0.75,1,0,0.02046392833882782,-0.13609565236379673,-0.11563172402496891
5,0.75,2,0,0.02224639705397373,-0.13609565236379673,-0.113849255309823
5,0.75,3,0,0.018076856908647118,-0.13609565236379673,-0.11801879545514961
5,0.75,4,0,0.016111265682775044,-0.13609565236379673,-0.11998438668102168
5,0.75,5,0,0.011558919374181062,-0.13609565236379673,-0.12453673298961566
5,0.75,6,0,0.022494106710838874,-0.13609565236379673,-0.11360154565295785
5,0.75,7,0,0.025185355688727304,-0.13609565236379673,-0.11091029667506942
5,0.75,8,0,0.012777891212756798,-0.13609565236379673,-0.12331776115103993
5,0.75,9,0,0.022604442483787013,-0.13609565236379673,-0.11349120988000971
5,1.0,0,0,0.029063150179380284,-0.13609565236379673,-0.10703250218441644
5,1.0,1,0,0.020873235972992468,-0.13609565236379673,-0.11522241639080426
5,1.0,2,0,0.02323015914342899,-0.13609565236379673,-0.11286549322036774
5,1.0,3,0,0.01768303977551769,-0.13609565236379673,-0.11841261258827904
5,1.0,4,0,0.015043463318740222,-0.13609565236379673,-0.1210521890450565
5,1.0,5,0,0.009042572488914796,-0.13609565236379673,-0.12705307987488193
5,1.0,6,0,0.02356942946697177,-0.13609565236379673,-0.11252622289682496
5,1.0,7,0,0.02712343602465446,-0.13609565236379673,-0.10897221633914227
5,1.0,8,0,0.010664267262481125,-0.13609565236379673,-0.1254313851013156
5,1.0,9,0,0.02371509743729415,-0.13609565236379673,-0.11238055492650258
5,1.25,0,0,0.03143453506216347,-0.13609565236379673,-0.10466111730163326
5,1.25,1,0,0.021293968906071076,-0.13609565236379673,-0.11480168345772565
5,1.25,2,0,0.02422438578377102,-0.13609565236379673,-0.1118712665800257
5,1.25,3,0,0.0173128600765301,-0.13609565236379673,-0.11878279228726663
5,1.25,4,0,0.013961566607962342,-0.13609565236379673,-0.12213408575583438
5,1.25,5,0,0.006558352150825397,-0.13609565236379673,-0.12953730021297133
5,1.25,6,0,0.024650364681211054,-0.13609565236379673,-0.11144528768258567
5,1.25,7,0,0.029054814043757787,-0.13609565236379673,-0.10704083832003894
5,1.25,8,0,0.008584100937555877,-0.13609565236379673,-0.12751155142624085
5,1.25,9,0,0.024824599470729347,-0.13609565236379673,-0.11127105289306738
5,1.5,0,0,0.03377182334652912,-0.13609565236379673,-0.10232382901726761
5,1.5,1,0,0.021726386520094038,-0.13609565236379673,-0.11436926584370269
5,1.5,2,0,0.025205642038937603,-0.13609565236379673,-0.11089001032485912
5,1.5,3,0,0.0169535855097233,-0.13609565236379673,-0.11914206685407343
5,1.5,4,0,0.012866215082757357,-0.13609565236379673,-0.12322943728103937
5,1.5,5,0,0.004105741611892089,-0.13609565236379673,-0.13198991075190464
5,1.5,6,0,0.02573341945417898,-0.13609565236379673,-0.11036223290961775
5,1.5,7,0,0.03098168589850725,-0.13609565236379673,-0.10511396646528948
5,1.5,8,0,0.006532381600933168,-0.13609565236379673,-0.12956327076286356
5,1.5,9,0,0.02592696170610488,-0.13609565236379673,-0.11016869065769185
5,2.0,0,0,0.03833458162179244,-0.13609565236379673,-0.09776107074200428
5,2.0,1,0,0.024492526917423513,-0.13609565236379673,-0.11160312544637321
5,2.0,2,0,0.02693217896660753,-0.13609565236379673,-0.1091634733971892
5,2.0,3,0,0.016029775479871,-0.13609565236379673,-0.12006587688392573
5,2.0,4,0,0.01066400420873348,-0.13609565236379673,-0.12543164815506325
5,2.0,5,0,0.0033905355431972928,-0.13609565236379673,-0.13270511682059943
5,2.0,6,0,0.027922212557686413,-0.13609565236379673,-0.10817343980611031
5,2.0,7,0,0.034830700593344574,-0.13609565236379673,-0.10126495177045215
5,2.0,8,0,0.0025259089735338858,-0.13609565236379673,-0.13356974339026284
5,2.0,9,0,0.02808040590267656,-0.13609565236379673,-0.10801524646112017
6,0.0,0,1,0.27130999571042086,-0.21426710869225668,0.057042887018164165
6,0.0,1,1,0.27130999571042086,-0.21426710869225668,0.057042887018164165
6,0.0,2,1,0.27130999571042086,-0.21426710869225668,0.057042887018164165
6,0.0,3,1,0.27130999571042086,-0.21426710869225668,0.057042887018164165
6,0.0,4,1,0.27130999571042086,-0.21426710869225668,0.057042887018164165
6,0.0,5,1,0.27130999571042086,-0.21426710869225668,0.057042887018164165
6,0.0,6,1,0.27130999571042086,-0.21426710869225668,0.057042887018164165
6,0.0,7,1,0.15007026699831497,-0.21426710869225668,-0.06419684169394171
6,0.0,8,0,0.010025330761815832,-0.21426710869225668,-0.20424177793044085
6,0.0,9,0,0.010025330761815832,-0.21426710869225668,-0.20424177793044085
6,0.25,0,0,0.0086158698776225,-0.21426710869225668,-0.20565123881463418
6,0.25,1,0,0.011763403666520567,-0.21426710869225668,-0.2025037050257361
6,0.25,2,0,0.006915897126051562,-0.21426710869225668,-0.20735121156620512
6,0.25,3,0,0.011408365972387424,-0.21426710869225668,-0.20285874271986926
6,0.25,4,0,0.009413509154667488,-0.21426710869225668,-0.2048535995375892
6,0.25,5,0,0.008973357032082158,-0.21426710869225668,-0.20529375166017452
6,0.25,6,0,0.010002594779694063,-0.21426710869225668,-0.20426451391256262
6,0.25,7,0,0.00997956431178107,-0.21426710869225668,-0.2042875443804756
6,0.25,8,0,0.007587421240205727,-0.21426710869225668,-0.20667968745205095
6,0.25,9,0,0.010097552643141966,-0.21426710869225668,-0.20416955604911471
6,0.5,0,0,0.007206237760660705,-0.21426710869225668,-0.20706087093159598
6,0.5,1,0,0.013500442631769943,-0.21426710869225668,-0.20076666606048674
6,0.5,2,0,0.0038041501139066958,-0.21426710869225668,-0.21046295857834998
6,0.5,3,0,0.012816778348277685,-0.21426710869225668,-0.201450330343979
6,0.5,4,0,0.008776441005146463,-0.21426710869225668,-0.20549066768711022
6,0.5,5,0,0.007917671940594312,-0.21426710869225668,-0.20634943675166237
6,0.5,6,0,0.009981503182440121,-0.21426710869225668,-0.20428560550981656
6,0.5,7,0,0.009929585542238523,-0.21426710869225668,-0.20433752315001816
6,0.5,8,0,0.00516976664515173,-0.21426710869225668,-0.20909734204710495
6,0.5,9,0,0.010157511924026669,-0.21426710869225668,-0.20410959676823
6,0.75,0,0,0.005794034687938238,-0.21426710869225668,-0.20847307400431844
6,0.75,1,0,0.015240673414304684,-0.21426710869225668,-0.199026435277952
6,0.75,2,0,0.0007134884862771695,-0.21426710869225668,-0.2135536202059795
6,0.75,3,0,0.014228958825521082,-0.21426710869225668,-0.2000381498667356
6,0.75,4,0,0.008109184615555709,-0.21426710869225668,-0.20615792407670097
6,0.75,5,0,0.006859460620257052,-0.21426710869225668,-0.20740764807199963
6,0.75,6,0,0.009979040390533656,-0.21426710869225668,-0.20428806830172302
6,0.75,7,0,0.009875356563461751,-0.21426710869225668,-0.20439175212879493
6,0.75,8,0,0.0027549506597617235,-0.21426710869225668,-0.21151215803249496
6,0.75,9,0,0.01020134527501329,-0.21426710869225668,-0.2040657634172434
6,1.0,0,0,0.0043768468207072975,-0.21426710869225668,-0.20989026187154938
6,1.0,1,0,0.016985141527264935,-0.21426710869225668,-0.19728196716499175
6,1.0,2,0,-0.0023518002916978475,-0.21426710869225668,-0.21661890898395453
6,1.0,3,0,0.015613400917843634,-0.21426710869225668,-0.19865370777441305
6,1.0,4,0,0.007408731078439423,-0.21426710869225668,-0.20685837761381726
6,1.0,5,0,0.005799914559855096,-0.21426710869225668,-0.20846719413240158
6,1.0,6,0,0.009995226483919595,-0.21426710869225668,-0.20427188220833709
6,1.0,7,0,0.009817224859107354,-0.21426710869225668,-0.20444988383314933
6,1.0,8,0,0.0003126489503403329,-0.21426710869225668,-0.21395445974191635
6,1.0,9,0,0.010226894283943216,-0.21426710869225668,-0.20404021440831346
6,1.25,0,0,0.002954085089399372,-0.21426710869225668,-0.2113130236028573
6,1.25,1,0,0.01873116681765008,-0.21426710869225668,-0.1955359418746066
6,1.25,2,0,-0.005387576179694431,-0.21426710869225668,-0.2196546848719511
6,1.25,3,0,0.016968961042848035,-0.21426710869225668,-0.19729814764940865
6,1.25,4,0,0.006674078808217354,-0.21426710869225668,-0.20759302988403933
6,1.25,5,0,0.004741132910606433,-0.21426710869225668,-0.20952597578165025
6,1.25,6,0,0.010029648920506923,-0.21426710869225668,-0.20423745977174976
6,1.25,7,0,0.00975592021714497,-0.21426710869225668,-0.2045111884751117
6,1.25,8,0,-0.002158231183587489,-0.21426710869225668,-0.21642533987584417
6,1.25,9,0,0.01023675238598612,-0.21426710869225668,-0.20403035630627056
6,1.5,0,0,0.0015245232653385843,-0.21426710869225668,-0.2127425854269181
6,1.5,1,0,0.020476255655952652,-0.21426710869225668,-0.19379085303630403
6,1.5,2,0,-0.008396962823527171,-0.21426710869225668,-0.22266407151578385
6,1.5,3,0,0.0198506429078133,-0.21426710869225668,-0.19441646578444338
6,1.5,4,0,0.005937504075035127,-0.21426710869225668,-0.20832960461722155
6,1.5,5,0,0.0036849960505279944,-0.21426710869225668,-0.21058211264172869
6,1.5,6,0,0.010082113987774949,-0.21426710869225668,-0.20418499470448173
6,1.5,7,0,0.009692559873878848,-0.21426710869225668,-0.20457454881837783
6,1.5,8,0,-0.004657637710567042,-0.21426710869225668,-0.21892474640282372
6,1.5,9,0,0.010230551537711713,-0.21426710869225668,-0.20403655715454497
6,2.0,0,0,-0.0013628104123921125,-0.21426710869225668,-0.2156299191046488
6,2.0,1,0,0.023952652154271725,-0.21426710869225668,-0.19031445653798496
6,2.0,2,0,-0.014347287686864219,-0.21426710869225668,-0.2286143963791209
6,2.0,3,0,0.02849172617752299,-0.21426710869225668,-0.1857753825147337
6,2.0,4,0,0.008226043588033805,-0.21426710869225668,-0.20604106510422288
6,2.0,5,0,0.0015837490207009641,-0.21426710869225668,-0.21268335967155572
6,2.0,6,0,0.010241225451064345,-0.21426710869225668,-0.20402588324119234
6,2.0,7,0,0.009565607347061189,-0.21426710869225668,-0.2047015013451955
6,2.0,8,0,-0.009738047639423403,-0.21426710869225668,-0.22400515633168008
6,2.0,9,0,0.010169041056920042,-0.21426710869225668,-0.20409806763533664
7,0.0,0,1,0.20100171296123792,-0.14475929464294285,0.05624241831829508
7,0.0,1,1,0.20100171296123792,-0.14475929464294285,0.05624241831829508
7,0.0,2,1,0.20100171296123792,-0.14475929464294285,0.05624241831829508
7,0.0,3,1,0.20100171296123792,-0.14475929464294285,0.05624241831829508
7,0.0,4,1,0.20100171296123792,-0.14475929464294285,0.05624241831829508
7,0.0,5,1,0.20100171296123792,-0.14475929464294285,0.05624241831829508
7,0.0,6,1,0.20100171296123792,-0.14475929464294285,0.05624241831829508
7,0.0,7,0,0.13215207866267403,-0.14475929464294285,-0.012607215980268805
7,0.0,8,0,0.020931928627498028,-0.14475929464294285,-0.12382736601544482
7,0.0,9,0,0.020931928627498028,-0.14475929464294285,-0.12382736601544482
7,0.25,0,0,0.020777837552035133,-0.14475929464294285,-0.12398145709090772
7,0.25,1,0,0.0191865614764741,-0.14475929464294285,-0.12557273316646875
7,0.25,2,0,0.01857788105513103,-0.14475929464294285,-0.12618141358781182
7,0.25,3,0,0.019360917996009253,-0.14475929464294285,-0.1253983766469336
7,0.25,4,0,0.022125047153204125,-0.14475929464294285,-0.12263424748973872
7,0.25,5,0,0.017356942227483935,-0.14475929464294285,-0.1274023524154589
7,0.25,6,0,0.024016764935337734,-0.14475929464294285,-0.12074252970760511
7,0.25,7,0,0.022130561191532255,-0.14475929464294285,-0.1226287334514106
7,0.25,8,0,0.020137913168468802,-0.14475929464294285,-0.12462138147447405
7,0.25,9,0,0.02224387455451833,-0.14475929464294285,-0.12251542008842452
7,0.5,0,0,0.02061559358172066,-0.14475929464294285,-0.12414370106122219
7,0.5,1,0,0.01743022885676812,-0.14475929464294285,-0.12732906578617473
7,0.5,2,0,0.01623121076378281,-0.14475929464294285,-0.12852808387916004
7,0.5,3,0,0.01776905087092781,-0.14475929464294285,-0.12699024377201504
7,0.5,4,0,0.023315377860364292,-0.14475929464294285,-0.12144391678257856
7,0.5,5,0,0.013764940432303169,-0.14475929464294285,-0.13099435421063968
7,0.5,6,0,0.027079677562260457,-0.14475929464294285,-0.11767961708068239
7,0.5,7,0,0.023354579805632783,-0.14475929464294285,-0.12140471483731007
7,0.5,8,0,0.0193390642436804,-0.14475929464294285,-0.12542023039926245
7,0.5,9,0,0.02353630948364889,-0.14475929464294285,-0.12122298515929396
7,0.75,0,0,0.020442872460692957,-0.14475929464294285,-0.12431642218224989
7,0.75,1,0,0.015656071123767656,-0.14475929464294285,-0.1291032235191752
7,0.75,2,0,0.013906419548010224,-0.14475929464294285,-0.13085287509493262
7,0.75,3,0,0.016157829181416256,-0.14475929464294285,-0.1286014654615266
7,0.75,4,0,0.02450547726745078,-0.14475929464294285,-0.12025381737549207
7,0.75,5,0,0.010173732854464601,-0.14475929464294285,-0.13458556178847825
7,0.75,6,0,0.030113900073383826,-0.14475929464294285,-0.11464539456955902
7,0.75,7,0,0.02457398260652334,-0.14475929464294285,-0.12018531203641951
7,0.75,8,0,0.018534950659029575,-0.14475929464294285,-0.12622434398391327
7,0.75,9,0,0.024817958843273452,-0.14475929464294285,-0.1199413357996694
7,1.0,0,0,0.0202563566106468,-0.14475929464294285,-0.12450293803229605
7,1.0,1,0,0.013860655821608947,-0.14475929464294285,-0.1308986388213339
7,1.0,2,0,0.011603615224874214,-0.14475929464294285,-0.13315567941806863
7,1.0,3,0,0.014530636758216697,-0.14475929464294285,-0.13022865788472615
7,1.0,4,0,0.025695653385325506,-0.14475929464294285,-0.11906364125761734
7,1.0,5,0,0.006584391219566471,-0.14475929464294285,-0.13817490342337638
7,1.0,6,0,0.03311296469076064,-0.14475929464294285,-0.11164632995218221
7,1.0,7,0,0.025774448095327085,-0.14475929464294285,-0.11898484654761576
7,1.0,8,0,0.017725105526177398,-0.14475929464294285,-0.12703418911676545
7,1.0,9,0,0.026097271035816993,-0.14475929464294285,-0.11866202360712585
7,1.25,0,0,0.020052398007590497,-0.14475929464294285,-0.12470689663535235
7,1.25,1,0,0.01204296141521427,-0.14475929464294285,-0.13271633322772858
7,1.25,2,0,0.00932316732303004,-0.14475929464294285,-0.1354361273199128
7,1.25,3,0,0.012887676203781506,-0.14475929464294285,-0.13187161843916134
7,1.25,4,0,0.026877493307504288,-0.14475929464294285,-0.11788180133543856
7,1.25,5,0,0.0029974229155856347,-0.14475929464294285,-0.1417618717273572
7,1.25,6,0,0.0360711965059808,-0.14475929464294285,-0.10868809813696205
7,1.25,7,0,0.026963406189240438,-0.14475929464294285,-0.11779588845370241
7,1.25,8,0,0.016909025175633335,-0.14475929464294285,-0.1278502694673095
7,1.25,9,0,0.02738190752412402,-0.14475929464294285,-0.11737738711881883
7,1.5,0,0,0.01982935287552276,-0.14475929464294285,-0.12492994176742009
7,1.5,1,0,0.010199790356452881,-0.14475929464294285,-0.13455950428648997
7,1.5,2,0,0.007664537778975078,-0.14475929464294285,-0.13709475686396777
7,1.5,3,0,0.011229428535540015,-0.14475929464294285,-0.13352986610740283
7,1.5,4,0,0.028050041743729714,-0.14475929464294285,-0.11670925289921313
7,1.5,5,0,-0.0005854572690771331,-0.14475929464294285,-0.14534475191201998
7,1.5,6,0,0.03898419155803265,-0.14475929464294285,-0.1057751030849102
7,1.5,7,0,0.02814681138236659,-0.14475929464294285,-0.11661248326057626
7,1.5,8,0,0.016086168786166644,-0.14475929464294285,-0.1286731258567762
7,1.5,9,0,0.028678288627530288,-0.14475929464294285,-0.11608100601541256
7,2.0,0,0,0.019307950388661593,-0.14475929464294285,-0.12545134425428126
7,2.0,1,0,0.006426857304462907,-0.14475929464294285,-0.13833243733847994
7,2.0,2,0,0.015039063094463567,-0.14475929464294285,-0.12972023154847928
7,2.0,3,0,0.007870405443450523,-0.14475929464294285,-0.13688888919949233
7,2.0,4,0,0.030381228881038405,-0.14475929464294285,-0.11437806576190444
7,2.0,5,0,-0.007634289032941249,-0.14475929464294285,-0.1523935836758841
7,2.0,6,0,0.044665723096137463,-0.14475929464294285,-0.10009357154680538
7,2.0,7,0,0.030513849288422795,-0.14475929464294285,-0.11424544535452005
7,2.0,8,0,0.014417872629173684,-0.14475929464294285,-0.13034142201376916
7,2.0,9,0,0.03132184777124533,-0.14475929464294285,-0.11343744687169752
8,0.0,0,1,0.26873282819184957,-0.31031655389312535,-0.04158372570127578
8,0.0,1,1,0.26873282819184957,-0.31031655389312535,-0.04158372570127578
8,0.0,2,1,0.26873282819184957,-0.31031655389312535,-0.04158372570127578
8,0.0,3,1,0.26873282819184957,-0.31031655389312535,-0.04158372570127578
8,0.0,4,1,0.26873282819184957,-0.31031655389312535,-0.04158372570127578
8,0.0,5,1,0.26873282819184957,-0.31031655389312535,-0.04158372570127578
8,0.0,6,1,0.26873282819184957,-0.31031655389312535,-0.04158372570127578
8,0.0,7,1,0.15307986991464279,-0.31031655389312535,-0.15723668397848256
8,0.0,8,0,0.010636483601757729,-0.31031655389312535,-0.2996800702913676
8,0.0,9,0,0.010636483601757729,-0.31031655389312535,-0.2996800702913676
8,0.25,0,0,0.009953716604783613,-0.31031655389312535,-0.30036283728834173
8,0.25,1,0,0.009369537050842147,-0.31031655389312535,-0.3009470168422832
8,0.25,2,0,0.007106741850731513,-0.31031655389312535,-0.30320981204239383
8,0.25,3,0,0.008176281014585451,-0.31031655389312535,-0.3021402728785399
8,0.25,4,0,0.010196375907730482,-0.31031655389312535,-0.30012017798539486
8,0.25,5,0,0.00973462879430459,-0.31031655389312535,-0.30058192509882076
8,0.25,6,0,0.011047081125813152,-0.31031655389312535,-0.2992694727673122
8,0.25,7,0,0.011024339413349848,-0.31031655389312535,-0.2992922144797755
8,0.25,8,0,0.008223269067789418,-0.31031655389312535,-0.30209328482533593
8,0.25,9,0,0.010766565088901392,-0.31031655389312535,-0.29954998880422395
8,0.5,0,0,0.009254327140722884,-0.31031655389312535,-0.30106222675240246
8,0.5,1,0,0.008157468686970704,-0.31031655389312535,-0.30215908520615464
8,0.5,2,0,0.00357025617702611,-0.31031655389312535,-0.30674629771609924
8,0.5,3,0,0.0057271004654655955,-0.31031655389312535,-0.30458945342765975
8,0.5,4,0,0.009749558455131924,-0.31031655389312535,-0.3005669954379934
8,0.5,5,0,0.008851508668997643,-0.31031655389312535,-0.3014650452241277
8,0.5,6,0,0.011423531164195422,-0.31031655389312535,-0.2988930227289299
8,0.5,7,0,0.011402999936229063,-0.31031655389312535,-0.2989135539568963
8,0.5,8,0,0.005810554207011376,-0.31031655389312535,-0.30450599968611397
8,0.5,9,0,0.010886456260768895,-0.31031655389312535,-0.29943009763235645
8,0.75,0,0,0.008555093305513906,-0.31031655389312535,-0.30176146058761144
8,0.75,1,0,0.006975955174858051,-0.31031655389312535,-0.3033405987182673
8,0.75,2,0,4.640906642233711e-05,-0.31031655389312535,-0.310270144826703
8,0.75,3,0,0.00329557182013418,-0.31031655389312535,-0.30702098207299117
8,0.75,4,0,0.009302890604120428,-0.31031655389312535,-0.3010136632890049
8,0.75,5,0,0.007985285721057778,-0.31031655389312535,-0.30233126817206757
8,0.75,6,0,0.01176757472644796,-0.31031655389312535,-0.2985489791666774
8,0.75,7,0,0.01177405322440328,-0.31031655389312535,-0.29854250066872207
8,0.75,8,0,0.003416101347757272,-0.31031655389312535,-0.3069004525453681
8,0.75,9,0,0.010994222702129408,-0.31031655389312535,-0.29932233119099594
8,1.0,0,0,0.007854343629184746,-0.31031655389312535,-0.3024622102639406
8,1.0,1,0,0.0057875448011004416,-0.31031655389312535,-0.3045290090920249
8,1.0,2,0,-0.003461968323709097,-0.31031655389312535,-0.31377852221683444
8,1.0,3,0,0.0008802342238911076,-0.31031655389312535,-0.30943631966923424
8,1.0,4,0,0.00885163640965847,-0.31031655389312535,-0.3014649174834669
8,1.0,5,0,0.007134547452940787,-0.31031655389312535,-0.30318200644018456
8,1.0,6,0,0.012083103879880486,-0.31031655389312535,-0.29823345001324486
8,1.0,7,0,0.012139491184163853,-0.31031655389312535,-0.2981770627089615
8,1.0,8,0,0.0010402372049544417,-0.31031655389312535,-0.3092763166881709
8,1.0,9,0,0.011087439845629654,-0.31031655389312535,-0.2992291140474957
8,1.25,0,0,0.007149887687574463,-0.31031655389312535,-0.3031666662055509
8,1.25,1,0,0.00458736391935044,-0.31031655389312535,-0.3057291899737749
8,1.25,2,0,-0.006927481011718084,-0.31031655389312535,-0.31724403490484343
8,1.25,3,0,-0.0015396563673999997,-0.31031655389312535,-0.31185621026052535
8,1.25,4,0,0.008380192967790356,-0.31031655389312535,-0.301936360925335
8,1.25,5,0,0.0062976316108080965,-0.31031655389312535,-0.30401892228231725
8,1.25,6,0,0.013534602725341016,-0.31031655389312535,-0.29678195116778433
8,1.25,7,0,0.012501686758031594,-0.31031655389312535,-0.29781486713509375
8,1.25,8,0,-0.0013165164518817996,-0.31031655389312535,-0.31163307034500715
8,1.25,9,0,0.01116321361319339,-0.31031655389312535,-0.29915334027993196
8,1.5,0,0,0.0064418236839403065,-0.31031655389312535,-0.30387473020918504
8,1.5,1,0,0.0033845284421086252,-0.31031655389312535,-0.3069320254510167
8,1.5,2,0,-0.010334454053204545,-0.31031655389312535,-0.3206510079463299
8,1.5,3,0,-0.003968703201232993,-0.31031655389312535,-0.31428525709435834
8,1.5,4,0,0.007887675581718878,-0.31031655389312535,-0.30242887831140647
8,1.5,5,0,0.005472392106087243,-0.31031655389312535,-0.3048441617870381
8,1.5,6,0,0.016686452307692612,-0.31031655389312535,-0.29363010158543273
8,1.5,7,0,0.012861040027590864,-0.31031655389312535,-0.2974555138655345
8,1.5,8,0,-0.003653433454898547,-0.31031655389312535,-0.3139699873480239
8,1.5,9,0,0.011218162108238727,-0.31031655389312535,-0.2990983917848866
8,2.0,0,0,0.004999935413875722,-0.31031655389312535,-0.3053166184792496
8,2.0,1,0,0.0010013121359924715,-0.31031655389312535,-0.3093152417571329
8,2.0,2,0,-0.01698017427056281,-0.31031655389312535,-0.32729672816368816
8,2.0,3,0,-0.008846924729721262,-0.31031655389312535,-0.3191634786228466
8,2.0,4,0,0.0068454749701530315,-0.31031655389312535,-0.3034710789229723
8,2.0,5,0,0.003846564616233783,-0.31031655389312535,-0.30646998927689156
8,2.0,6,0,0.023568799724293765,-0.31031655389312535,-0.2867477541688316
8,2.0,7,0,0.013567162118385823,-0.31031655389312535,-0.2967493917747395
8,2.0,8,0,-0.008249239119612728,-0.31031655389312535,-0.3185657930127381
8,2.0,9,0,0.011249784027789367,-0.31031655389312535,-0.299066769865336
9,0.0,0,1,0.2524339301170302,-0.1111015056738121,0.14133242444321809
9,0.0,1,1,0.2524339301170302,-0.1111015056738121,0.14133242444321809
9,0.0,2,1,0.2524339301170302,-0.1111015056738121,0.14133242444321809
9,0.0,3,1,0.2524339301170302,-0.1111015056738121,0.14133242444321809
9,0.0,4,1,0.2524339301170302,-0.1111015056738121,0.14133242444321809
9,0.0,5,1,0.2524339301170302,-0.1111015056738121,0.14133242444321809
9,0.0,6,1,0.2524339301170302,-0.1111015056738121,0.14133242444321809
9,0.0,7,0,0.1415606822575162,-0.1111015056738121,0.0304591765837041
9,0.0,8,0,0.016031022891828367,-0.1111015056738121,-0.09507048278198374
9,0.0,9,0,0.016031022891828367,-0.1111015056738121,-0.09507048278198374
9,0.25,0,0,0.016132896201533256,-0.1111015056738121,-0.09496860947227885
9,0.25,1,0,0.016601241052533133,-0.1111015056738121,-0.09450026462127897
9,0.25,2,0,0.016531990299641516,-0.1111015056738121,-0.09456951537417059
9,0.25,3,0,0.013711558050062814,-0.1111015056738121,-0.09738994762374929
9,0.25,4,0,0.01605176104617187,-0.1111015056738121,-0.09504974462764024
9,0.25,5,0,0.01472973829353369,-0.1111015056738121,-0.09637176738027842
9,0.25,6,0,0.01688402067663236,-0.1111015056738121,-0.09421748499717975
9,0.25,7,0,0.015379046257896961,-0.1111015056738121,-0.09572245941591515
9,0.25,8,0,0.016711145571346106,-0.1111015056738121,-0.094390360102466
9,0.25,9,0,0.0156190645645439,-0.1111015056738121,-0.0954824411092682
9,0.5,0,0,0.016219679039365623,-0.1111015056738121,-0.09488182663444648
9,0.5,1,0,0.017137462567467315,-0.1111015056738121,-0.09396404310634479
9,0.5,2,0,0.017011673090336382,-0.1111015056738121,-0.09408983258347572
9,0.5,3,0,0.011381533718795855,-0.1111015056738121,-0.09971997195501625
9,0.5,4,0,0.01608030843142362,-0.1111015056738121,-0.09502119724238849
9,0.5,5,0,0.013441688504725255,-0.1111015056738121,-0.09765981716908685
9,0.5,6,0,0.017779656490920476,-0.1111015056738121,-0.09332184918289163
9,0.5,7,0,0.014734564002853182,-0.1111015056738121,-0.09636694167095892
9,0.5,8,0,0.0173852230542325,-0.1111015056738121,-0.09371628261957961
9,0.5,9,0,0.015257938982131444,-0.1111015056738121,-0.09584356669168066
9,0.75,0,0,0.01629087402555547,-0.1111015056738121,-0.09481063164825664
9,0.75,1,0,0.0176391120538867,-0.1111015056738121,-0.09346239361992541
9,0.75,2,0,0.017471902646662596,-0.1111015056738121,-0.09362960302714951
9,0.75,3,0,0.009065409382595549,-0.1111015056738121,-0.10203609629121656
9,0.75,4,0,0.01611051104882595,-0.1111015056738121,-0.09499099462498616
9,0.75,5,0,0.012164035585677482,-0.1111015056738121,-0.09893747008813462
9,0.75,6,0,0.018723303965657065,-0.1111015056738121,-0.09237820170815504
9,0.75,7,0,0.014095994248061697,-0.1111015056738121,-0.09700551142575041
9,0.75,8,0,0.018073903447171316,-0.1111015056738121,-0.09302760222664079
9,0.75,9,0,0.014940630569506771,-0.1111015056738121,-0.09616087510430534
9,1.0,0,0,0.01634614154716149,-0.1111015056738121,-0.09475536412665062
9,1.0,1,0,0.018106789140558827,-0.1111015056738121,-0.09299471653325328
9,1.0,2,0,0.017914645460132994,-0.1111015056738121,-0.09318686021367911
9,1.0,3,0,0.006766464417102339,-0.1111015056738121,-0.10433504125670977
9,1.0,4,0,0.01613572125181928,-0.1111015056738121,-0.09496578442199283
9,1.0,5,0,0.010890704520831851,-0.1111015056738121,-0.10021080115298026
9,1.0,6,0,0.019717965963522835,-0.1111015056738121,-0.09138353971028927
9,1.0,7,0,0.01419052090485566,-0.1111015056738121,-0.09691098476895645
9,1.0,8,0,0.018777802748276076,-0.1111015056738121,-0.09232370292553603
9,1.0,9,0,0.014634494914319188,-0.1111015056738121,-0.09646701075949292
9,1.25,0,0,0.016386018498389124,-0.1111015056738121,-0.09471548717542298
9,1.25,1,0,0.01854273550163138,-0.1111015056738121,-0.09255877017218073
9,1.25,2,0,0.01834193270943374,-0.1111015056738121,-0.09275957296437837
9,1.25,3,0,0.004486158465147008,-0.1111015056738121,-0.1066153472086651
9,1.25,4,0,0.016152419527278278,-0.1111015056738121,-0.09494908614653383
9,1.25,5,0,0.009614628364027739,-0.1111015056738121,-0.10148687730978437
9,1.25,6,0,0.02076382930191928,-0.1111015056738121,-0.09033767637189283
9,1.25,7,0,0.018156304464710296,-0.1111015056738121,-0.09294520120910181
9,1.25,8,0,0.019496985059095334,-0.1111015056738121,-0.09160452061471677
9,1.25,9,0,0.014338116284882435,-0.1111015056738121,-0.09676338938892967
9,1.5,0,0,0.016411853850212765,-0.1111015056738121,-0.09468965182359934
9,1.5,1,0,0.01894636882360362,-0.1111015056738121,-0.09215513685020849
9,1.5,2,0,0.0200777279829535,-0.1111015056738121,-0.0910237776908586
9,1.5,3,0,0.002223732198426323,-0.1111015056738121,-0.10887777347538578
9,1.5,4,0,0.016153486218778546,-0.1111015056738121,-0.09494801945503356
9,1.5,5,0,0.008329766226676555,-0.1111015056738121,-0.10277173944713555
9,1.5,6,0,0.022860775789059026,-0.1111015056738121,-0.08824072988475308
9,1.5,7,0,0.022954721672368075,-0.1111015056738121,-0.08814678400144403
9,1.5,8,0,0.02023127482182062,-0.1111015056738121,-0.09087023085199149
9,1.5,9,0,0.014051831958553945,-0.1111015056738121,-0.09704967371525816
9,2.0,0,0,0.01642325613887892,-0.1111015056738121,-0.09467824953493319
9,2.0,1,0,0.01965441167743781,-0.1111015056738121,-0.0914470939963743
9,2.0,2,0,0.02751331309769911,-0.1111015056738121,-0.083588192576113
9,2.0,3,0,-0.0022618761369866403,-0.1111015056738121,-0.11336338181079875
9,2.0,4,0,0.016072495718204488,-0.1111015056738121,-0.09502900995560762
9,2.0,5,0,0.005734827782952867,-0.1111015056738121,-0.10536667789085924
9,2.0,6,0,0.03207597921437948,-0.1111015056738121,-0.07902552645943263
9,2.0,7,0,0.033501205990028815,-0.1111015056738121,-0.07760029968378329
9,2.0,8,0,0.02174449953041309,-0.1111015056738121,-0.08935700614339902
9,2.0,9,0,0.01350746571998733,-0.1111015056738121,-0.09759403995382478
10,0.0,0,1,0.21309723290749533,-0.25590851597725656,-0.04281128306976123
10,0.0,1,1,0.21309723290749533,-0.25590851597725656,-0.04281128306976123
10,0.0,2,1,0.21309723290749533,-0.25590851597725656,-0.04281128306976123
10,0.0,3,1,0.21309723290749533,-0.25590851597725656,-0.04281128306976123
10,0.0,4,1,0.21309723290749533,-0.25590851597725656,-0.04281128306976123
10,0.0,5,1,0.21309723290749533,-0.25590851597725656,-0.04281128306976123
10,0.0,6,1,0.21309723290749533,-0.25590851597725656,-0.04281128306976123
10,0.0,7,0,0.1336457322495672,-0.25590851597725656,-0.12226278372768937
10,0.0,8,0,0.019157256897419928,-0.25590851597725656,-0.23675125907983663
10,0.0,9,0,0.019157256897419928,-0.25590851597725656,-0.23675125907983663
10,0.25,0,0,0.01792034401895029,-0.25590851597725656,-0.23798817195830627
10,0.25,1,0,0.02062535813957231,-0.25590851597725656,-0.23528315783768425
10,0.25,2,0,0.01600056094714969,-0.25590851597725656,-0.23990795503010687
10,0.25,3,0,0.0197276486255398,-0.25590851597725656,-0.23618086735171676
10,0.25,4,0,0.02233987439891752,-0.25590851597725656,-0.23356864157833904
10,0.25,5,0,0.022156852312293834,-0.25590851597725656,-0.23375166366496272
10,0.25,6,0,0.018749308619655264,-0.25590851597725656,-0.2371592073576013
10,0.25,7,0,0.016900273613856515,-0.25590851597725656,-0.23900824236340004
10,0.25,8,0,0.02032381367334718,-0.25590851597725656,-0.23558470230390938
10,0.25,9,0,0.02020162908841394,-0.25590851597725656,-0.23570688688884261
10,0.5,0,0,0.016687294229008248,-0.25590851597725656,-0.2392212217482483
10,0.5,1,0,0.022105117746776537,-0.25590851597725656,-0.23380339823048002
10,0.5,2,0,0.012843030680425555,-0.25590851597725656,-0.243065485296831
10,0.5,3,0,0.02027255256830432,-0.25590851597725656,-0.23563596340895224
10,0.5,4,0,0.025494388972058385,-0.25590851597725656,-0.23041412700519817
10,0.5,5,0,0.025147814300978788,-0.25590851597725656,-0.23076070167627777
10,0.5,6,0,0.01835767130042626,-0.25590851597725656,-0.2375508446768303
10,0.5,7,0,0.01465576049529585,-0.25590851597725656,-0.2412527554819607
10,0.5,8,0,0.021489746052242603,-0.25590851597725656,-0.23441876992501395
10,0.5,9,0,0.021249336543612163,-0.25590851597725656,-0.2346591794336444
10,0.75,0,0,0.015460548924844164,-0.25590851597725656,-0.2404479670524124
10,0.75,1,0,0.023596711818666266,-0.25590851597725656,-0.2323118041585903
10,0.75,2,0,0.009716600403298581,-0.25590851597725656,-0.24619191557395798
10,0.75,3,0,0.02079026359424141,-0.25590851597725656,-0.23511825238301515
10,0.75,4,0,0.028645648112833072,-0.25590851597725656,-0.22726286786442348
10,0.75,5,0,0.02812239946784248,-0.25590851597725656,-0.22778611650941408
10,0.75,6,0,0.017963598764408256,-0.25590851597725656,-0.2379449172128483
10,0.75,7,0,0.012433982936766785,-0.25590851597725656,-0.24347453304048977
10,0.75,8,0,0.02265590753614588,-0.25590851597725656,-0.23325260844111068
10,0.75,9,0,0.0222984229375347,-0.25590851597725656,-0.23361009303972186
10,1.0,0,0,0.014244031959298353,-0.25590851597725656,-0.2416644840179582
10,1.0,1,0,0.025100341467169163,-0.25590851597725656,-0.2308081745100874
10,1.0,2,0,0.0066283213028190124,-0.25590851597725656,-0.24928019467443754
10,1.0,3,0,0.021279065048930706,-0.25590851597725656,-0.23462945092832585
10,1.0,4,0,0.031817312812812415,-0.25590851597725656,-0.22409120316444414
10,1.0,5,0,0.031072883180099098,-0.25590851597725656,-0.22483563279715746
10,1.0,6,0,0.01754902049507684,-0.25590851597725656,-0.23835949548217972
10,1.0,7,0,0.010229071082707875,-0.25590851597725656,-0.24567944489454868
10,1.0,8,0,0.023822943249217465,-0.25590851597725656,-0.2320855727280391
10,1.0,9,0,0.02332706894169037,-0.25590851597725656,-0.23258144703556619
10,1.25,0,0,0.013038147358705787,-0.25590851597725656,-0.24287036861855077
10,1.25,1,0,0.026616237445000857,-0.25590851597725656,-0.2292922785322557
10,1.25,2,0,0.003584334057830707,-0.25590851597725656,-0.25232418191942585
10,1.25,3,0,0.021739788424971374,-0.25590851597725656,-0.23416872755228518
10,1.25,4,0,0.035029795114177364,-0.25590851597725656,-0.2208787208630792
10,1.25,5,0,0.033991781389061865,-0.25590851597725656,-0.2219167345881947
10,1.25,6,0,0.017115935830687323,-0.25590851597725656,-0.23879258014656923
10,1.25,7,0,0.00802605205551693,-0.25590851597725656,-0.24788246392173963
10,1.25,8,0,0.024991301638703084,-0.25590851597725656,-0.23091721433855347
10,1.25,9,0,0.024330395987140485,-0.25590851597725656,-0.23157811999011607
10,1.5,0,0,0.011842446642422205,-0.25590851597725656,-0.24406606933483435
10,1.5,1,0,0.02814466509221422,-0.25590851597725656,-0.22776385088504233
10,1.5,2,0,0.0005905861479398311,-0.25590851597725656,-0.2553179298293167
10,1.5,3,0,0.02217324130636114,-0.25590851597725656,-0.23373527467089542
10,1.5,4,0,0.03824490286374871,-0.25590851597725656,-0.21766361311350785
10,1.5,5,0,0.03687230980512157,-0.25590851597725656,-0.21903620617213498
10,1.5,6,0,0.016665748435265137,-0.25590851597725656,-0.23924276754199142
10,1.5,7,0,0.005822540932290898,-0.25590851597725656,-0.25008597504496566
10,1.5,8,0,0.026161695170749982,-0.25590851597725656,-0.22974682080650657
10,1.5,9,0,0.02530734545372526,-0.25590851597725656,-0.2306011705235313
10,2.0,0,0,0.009479818557419556,-0.25590851597725656,-0.246428697419837
10,2.0,1,0,0.031240378480808406,-0.25590851597725656,-0.22466813749644815
10,2.0,2,0,-0.005219186304264323,-0.25590851597725656,-0.2611277022815209
10,2.0,3,0,0.02295453653829088,-0.25590851597725656,-0.23295397943896567
10,2.0,4,0,0.04452061101794244,-0.25590851597725656,-0.21138790495931412
10,2.0,5,0,0.04249938808773862,-0.25590851597725656,-0.21340912788951794
10,2.0,6,0,0.01717097579845922,-0.25590851597725656,-0.23873754017879734
10,2.0,7,0,0.0014080572397244806,-0.25590851597725656,-0.2545004587375321
10,2.0,8,0,0.03346676541124466,-0.25590851597725656,-0.2224417505660119
10,2.0,9,0,0.027177009213858433,-0.25590851597725656,-0.22873150676339812
11,0.0,0,1,0.22912031441557987,-0.17375780273863345,0.05536251167694642
11,0.0,1,1,0.22912031441557987,-0.17375780273863345,0.05536251167694642
11,0.0,2,1,0.22912031441557987,-0.17375780273863345,0.05536251167694642
11,0.0,3,1,0.22912031441557987,-0.17375780273863345,0.05536251167694642
11,0.0,4,1,0.22912031441557987,-0.17375780273863345,0.05536251167694642
11,0.0,5,1,0.22912031441557987,-0.17375780273863345,0.05536251167694642
11,0.0,6,1,0.22912031441557987,-0.17375780273863345,0.05536251167694642
11,0.0,7,0,0.14216401351566865,-0.17375780273863345,-0.031593789222964797
11,0.0,8,0,0.019139682623933285,-0.17375780273863345,-0.15461812011470016
11,0.0,9,0,0.019139682623933285,-0.17375780273863345,-0.15461812011470016
11,0.25,0,0,0.021109343155855498,-0.17375780273863345,-0.15264845958277795
11,0.25,1,0,0.015977669371236708,-0.17375780273863345,-0.15778013336739674
11,0.25,2,0,0.018925655684564363,-0.17375780273863345,-0.15483214705406909
11,0.25,3,0,0.01972454740782917,-0.17375780273863345,-0.15403325533080428
11,0.25,4,0,0.021282543172431334,-0.17375780273863345,-0.15247525956620211
11,0.25,5,0,0.021839521783660304,-0.17375780273863345,-0.15191828095497314
11,0.25,6,0,0.01884740795003037,-0.17375780273863345,-0.15491039478860308
11,0.25,7,0,0.018303661152130002,-0.17375780273863345,-0.15545414158650345
11,0.25,8,0,0.015412936166617847,-0.17375780273863345,-0.1583448665720156
11,0.25,9,0,0.016551634165086426,-0.17375780273863345,-0.15720616857354702
11,0.5,0,0,0.023050112387355465,-0.17375780273863345,-0.15070769035127798
11,0.5,1,0,0.012812013317088783,-0.17375780273863345,-0.16094578942154467
11,0.5,2,0,0.01870511948309711,-0.17375780273863345,-0.15505268325553634
11,0.5,3,0,0.02032988267869984,-0.17375780273863345,-0.1534279200599336
11,0.5,4,0,0.023402142105158036,-0.17375780273863345,-0.1503556606334754
11,0.5,5,0,0.02449574227426987,-0.17375780273863345,-0.14926206046436358
11,0.5,6,0,0.018560143715988853,-0.17375780273863345,-0.1551976590226446
11,0.5,7,0,0.017459581668548607,-0.17375780273863345,-0.15629822107008484
11,0.5,8,0,0.011684471559137988,-0.17375780273863345,-0.16207333117949546
11,0.5,9,0,0.013984504134837872,-0.17375780273863345,-0.15977329860379558
11,0.75,0,0,0.024970896539476678,-0.17375780273863345,-0.14878690619915677
11,0.75,1,0,0.009653767246685513,-0.17375780273863345,-0.16410403549194794
11,0.75,2,0,0.018477223055319764,-0.17375780273863345,-0.15528057968331369
11,0.75,3,0,0.020958004931278085,-0.17375780273863345,-0.15279979780735536
11,0.75,4,0,0.025509327573581625,-0.17375780273863345,-0.14824847516505182
11,0.75,5,0,0.02710874235439334,-0.17375780273863345,-0.1466490603842401
11,0.75,6,0,0.01827674282904082,-0.17375780273863345,-0.15548105990959263
11,0.75,7,0,0.0166311755312063,-0.17375780273863345,-0.15712662720742715
11,0.75,8,0,0.007975864174101593,-0.17375780273863345,-0.16578193856453186
11,0.75,9,0,0.01144289950154817,-0.17375780273863345,-0.16231490323708528
11,1.0,0,0,0.026881351909725848,-0.17375780273863345,-0.1468764508289076
11,1.0,1,0,0.006501192721203253,-0.17375780273863345,-0.1672566100174302
11,1.0,2,0,0.018241217644455687,-0.17375780273863345,-0.15551658509417776
11,1.0,3,0,0.021609426028008416,-0.17375780273863345,-0.15214837671062503
11,1.0,4,0,0.027614933423017157,-0.17375780273863345,-0.1461428693156163
11,1.0,5,0,0.029678501424832693,-0.17375780273863345,-0.14407930131380076
11,1.0,6,0,0.017996205440111407,-0.17375780273863345,-0.15576159729852204
11,1.0,7,0,0.01582686968710359,-0.17375780273863345,-0.15793093305152986
11,1.0,8,0,0.004292043728511358,-0.17375780273863345,-0.1694657590101221
11,1.0,9,0,0.00893031124442506,-0.17375780273863345,-0.1648274914942084
11,1.25,0,0,0.028791222677920864,-0.17375780273863345,-0.14496658006071259
11,1.25,1,0,0.0033533185619172845,-0.17375780273863345,-0.17040448417671616
11,1.25,2,0,0.01799651408587688,-0.17375780273863345,-0.15576128865275657
11,1.25,3,0,0.02228298840147286,-0.17375780273863345,-0.1514748143371606
11,1.25,4,0,0.02972900118631694,-0.17375780273863345,-0.1440288015523165
11,1.25,5,0,0.032204721511804424,-0.17375780273863345,-0.14155308122682903
11,1.25,6,0,0.017717658499646294,-0.17375780273863345,-0.15604014423898716
11,1.25,7,0,0.015053716156502639,-0.17375780273863345,-0.1587040865821308
11,1.25,8,0,0.0006359847934245821,-0.17375780273863345,-0.17312181794520887
11,1.25,9,0,0.006447142823026941,-0.17375780273863345,-0.1673106599156065
11,1.5,0,0,0.030709659506378162,-0.17375780273863345,-0.1430481432322553
11,1.5,1,0,0.00020971246706849578,-0.17375780273863345,-0.17354809027156495
11,1.5,2,0,0.017742733522735504,-0.17375780273863345,-0.15601506921589794
11,1.5,3,0,0.022976195783537906,-0.17375780273863345,-0.15078160695509554
11,1.5,4,0,0.03185997845051289,-0.17375780273863345,-0.14189782428812056
11,1.5,5,0,0.03468695532954569,-0.17375780273863345,-0.13907084740908776
11,1.5,6,0,0.017440336956381725,-0.17375780273863345,-0.15631746578225172
11,1.5,7,0,0.014317176958287908,-0.17375780273863345,-0.15944062578034554
11,1.5,8,0,-0.0029897103654797363,-0.17375780273863345,-0.17674751310411319
11,1.5,9,0,0.004373484816458689,-0.17375780273863345,-0.16938431792217476
11,2.0,0,0,0.034601894389474974,-0.17375780273863345,-0.13915590834915847
11,2.0,1,0,-0.006065628483808733,-0.17375780273863345,-0.17982343122244218
11,2.0,2,0,0.017207707123668814,-0.17375780273863345,-0.15655009561496463
11,2.0,3,0,0.02440687256356744,-0.17375780273863345,-0.149350930175066
11,2.0,4,0,0.036196130578040414,-0.17375780273863345,-0.13756167216059303
11,2.0,5,0,0.039517813103417176,-0.17375780273863345,-0.13423998963521627
11,2.0,6,0,0.016886748631457782,-0.17375780273863345,-0.15687105410717567
11,2.0,7,0,0.012963233929725398,-0.17375780273863345,-0.16079456880890805
11,2.0,8,0,-0.010014993477610645,-0.17375780273863345,-0.1837727962162441
11,2.0,9,0,0.011499383913054967,-0.17375780273863345,-0.16225841882557848
